"time","output"
0.0000000000000000,0.0000000000000000
0.0000074999999997,0.0000150225337992
0.0000149999999993,0.0000300676352488
0.0001085417160964,0.0002194854290101
0.0002020834321935,0.0004124803749944
0.0002956251482906,0.0006091200255452
0.0005720978965284,0.0012122468439060
0.0008485706447663,0.0018496881628924
0.0011250433930041,0.0025233693027770
0.0014015161412419,0.0032353502888339
0.0018870936984834,0.0045851902634583
0.0023726712557250,0.0060726868465603
0.0028582488129665,0.0077118907831058
0.0033438263702081,0.0095182613045375
0.0038294039274496,0.0115088395963795
0.0045539905592585,0.0148628899411975
0.0052785771910674,0.0187398254786705
0.0060031638228763,0.0232211157983201
0.0067277504546852,0.0284008139974148
0.0074523370864942,0.0343875281811183
0.0081769237183031,0.0413066118470464
0.0091145050203033,0.0518815777145330
0.0100520863223036,0.0646309915254987
0.0109896676243038,0.0799975987557972
0.0119272489263041,0.0985107774849639
0.0128648302283044,0.1208007449730197
0.0130436398373701,0.1255403059221371
0.0134012590555016,0.1355346513703728
0.0137588782736331,0.1462558631874686
0.0141164974917646,0.1577543114185032
0.0144741167098961,0.1700832511105637
0.0148317359280276,0.1832988341244586
0.0153497011344914,0.2041329029887388
0.0158676663409552,0.2271408462212208
0.0163856315474190,0.2525232560321932
0.0169035967538828,0.2804897092433797
0.0174215619603466,0.3112555109005370
0.0179395271668104,0.3450368060437077
0.0185765008862877,0.3910230555690233
0.0192134746057650,0.4422425791869498
0.0198504483252422,0.4989798094377651
0.0204874220447195,0.5614011545403368
0.0211243957641968,0.6294974560352806
0.0217613694836740,0.7030192248395010
0.0222894533189143,0.7677006674539135
0.0228175371541546,0.8352384978104315
0.0233456209893949,0.9049575232710039
0.0238737048246352,0.9760130005091011
0.0244017886598755,1.0474174681873334
0.0249298724951157,1.1180886978082891
0.0254579563303560,1.1869160716929725
0.0259860401655963,1.2528374918342797
0.0265141240008366,1.3149157455735458
0.0270422078360769,1.3724020243035928
0.0274647768099960,1.4147374066169054
0.0278873457839151,1.4536411179446418
0.0283099147578343,1.4890562201911215
0.0287324837317534,1.5210129228861478
0.0291550527056725,1.5496154913732316
0.0295776216795916,1.5750265733636202
0.0300001906535108,1.5974511393248778
0.0304227596274299,1.6171213992842435
0.0308453286013490,1.6342835121138093
0.0312678975752682,1.6491866703610891
0.0316904665491873,1.6620746378520088
0.0321130355231064,1.6731796395078826
0.0325356044970255,1.6827183057220543
0.0330286009188256,1.6921310623427004
0.0335215973406258,1.6999643643948228
0.0340145937624259,1.7064660376353089
0.0345075901842260,1.7118505559033959
0.0350005866060261,1.7163016779836684
0.0354935830278262,1.7199755768281553
0.0359865794496264,1.7230041031377261
0.0364354746853726,1.7252941447791277
0.0368843699211189,1.7272115278566149
0.0373332651568652,1.7288158865102070
0.0377821603926114,1.7301575993682381
0.0382310556283577,1.7312791407504546
0.0386799508641040,1.7322162597807536
0.0391288460998502,1.7329989996847388
0.0397431623878537,1.7338651862818488
0.0403574786758571,1.7345415686842076
0.0409717949638605,1.7350694561346292
0.0415861112518639,1.7354812282601124
0.0422004275398673,1.7358022415397709
0.0428147438278708,1.7360523372575849
0.0434290601158742,1.7362470332199256
0.0440313801443563,1.7363958533898400
0.0446337001728385,1.7365120397278051
0.0452360202013206,1.7366026210961283
0.0458383402298027,1.7366731142561220
0.0464406602582849,1.7367278484859825
0.0470429802867670,1.7367702206558631
0.0476453003152491,1.7368028958764674
0.0482653243389438,1.7368286045007519
0.0488853483626385,1.7368480343083994
0.0495053723863331,1.7368625744034514
0.0501253964100278,1.7368733065850213
0.0507454204337224,1.7368810733417981
0.0513654444574171,1.7368865308133252
0.0519854684811117,1.7368901899471765
0.0527168488915047,1.7368927310934226
0.0534482293018977,1.7368938182141576
0.0541796097122906,1.7368938230002033
0.0549109901226836,1.7368930221267496
0.0556423705330766,1.7368916212597372
0.0563737509434695,1.7368897736985092
0.0572414623836487,1.7368871575598523
0.0581091738238278,1.7368842107093450
0.0589768852640069,1.7368810306858113
0.0598445967041861,1.7368776862996083
0.0607123081443652,1.7368742261463006
0.0615800195845443,1.7368706843718182
0.0626956525021446,1.7368660486171019
0.0638112854197448,1.7368613520575988
0.0649269183373451,1.7368566163360586
0.0660425512549453,1.7368518556827444
0.0671581841725455,1.7368470793265824
0.0685217795160555,1.7368412279811125
0.0698853748595654,1.7368353678518227
0.0712489702030753,1.7368295028278800
0.0726125655465852,1.7368236347843440
0.0740382027903004,1.7368174978702122
0.0754638400340155,1.7368113597749371
0.0768894772777307,1.7368052210610434
0.0783151727312389,1.7367990817665342
0.0797408681847472,1.7367929422607482
0.0811665636382554,1.7367868026082931
0.0825923043137249,1.7367806626576643
0.0897642521498078,1.7367497757847630
0.0969361999858908,1.7367188876326665
0.1041081478219737,1.7366879983782806
0.1758276261828029,1.7363789911054017
0.2475471045436321,1.7360698741925475
0.6697988612689030,1.7342461146620343
1.0920506179941738,1.7324185096184030
2.7797986950365376,1.7250821502333804
4.4675467720789017,1.7176822805524732
6.1552948491212653,1.7102171954526357
9.1097869364079926,1.6969871804843699
12.0642790236947199,1.6835412790630819
15.0187711109814472,1.6698669618500135
17.9732631982681745,1.6559510508473017
22.9327185400901108,1.6320069547723122
27.0416293433395225,1.6115668984819653
31.1505401465889378,1.5905252399007710
35.2594509498383530,1.5688203037114430
38.5887394127745011,1.5506982265553846
41.9180278757106493,1.5320475868786478
45.2473163386467974,1.5128146335097039
48.5766048015829455,1.4929358657292389
51.1956550606731327,1.4767958596206965
53.8147053197633198,1.4601660806312864
56.4337555788535070,1.4429946910873017
58.6161168005620041,1.4282292755620500
60.7984780222705012,1.4130034267439773
62.9808392439789984,1.3972671777947658
64.7931015592795347,1.3837699021991432
66.6053638745800782,1.3698394630257948
68.4176261898806217,1.3554275328242558
69.9178301180130717,1.3430926358823290
71.4180340461455216,1.3303493581361143
72.9182379742779716,1.3171507556371156
74.1544337391334381,1.3058936651024402
75.3906295039889045,1.2942515406297375
76.6268252688443710,1.2821787214376954
77.6404077930818772,1.2719208501644268
78.6539903173193835,1.2612999904731848
79.6675728415568898,1.2502716747303533
80.4941501056601680,1.2409398406901326
81.3207273697634463,1.2312658755492700
82.1473046338667245,1.2212064221321384
82.8174537882346016,1.2127322396047251
83.4876029426024786,1.2039356811373740
84.1577520969703556,1.1947744215475893
84.6945004149298057,1.1871397138318451
85.2312487328892558,1.1792051321606052
85.7679970508487060,1.1709301088936241
86.1730643384899651,1.1644304227046687
86.5781316261312242,1.1576822252935128
86.9831989137724833,1.1506530068368670
87.2881001967576680,1.1451533497070947
87.5930014797428527,1.1394515113676220
87.8979027627280374,1.1335222951142605
88.1319712006785778,1.1287977000248843
88.3660396386291183,1.1239045857902314
88.6001080765796587,1.1188227572550422
88.7827217883760369,1.1147117963556665
88.9653355001724151,1.1104574516868129
89.1479492119687933,1.1060430605355009
89.2916834885410395,1.1024432609061674
89.4354177651132858,1.0987204460477566
89.5791520416855320,1.0948607274350561
89.6930865095746555,1.0916932882787469
89.8070209774637789,1.0884197395955315
89.9209554453529023,1.0850284436136954
90.0119472334083923,1.0822264536084696
90.1029390214638823,1.0793323433019866
90.1939308095193724,1.0763362956699927
90.2671432555166575,1.0738439751760089
90.3403557015139427,1.0712711453621573
90.4135681475112278,1.0686094692237789
90.4729108561340780,1.0663802607182324
90.5322535647569282,1.0640802174321844
90.5915962733797784,1.0617022128775380
90.6400624729968740,1.0596965411635886
90.6885286726139697,1.0576280916226810
90.7369948722310653,1.0554907287584558
90.7768901495966674,1.0536746970228850
90.8167854269622694,1.0518025798943011
90.8566807043278715,1.0498690520922398
90.8897857473901922,1.0482136629495649
90.9228907904525130,1.0465077337326392
90.9559958335148337,1.0447466011517417
90.9891008765771545,1.0429248896169823
91.0150755173181096,1.0414491862534669
91.0410501580590648,1.0399289352432559
91.0670247988000199,1.0383601721980456
91.0929994395409750,1.0367383611877443
91.1136714606451505,1.0354063272562619
91.1343434817493261,1.0340344193616340
91.1550155028535016,1.0326192202849187
91.1756875239576772,1.0311568457219074
91.1923694490831451,1.0299393739849183
91.2090513742086131,1.0286856736690644
91.2257332993340810,1.0273927544635790
91.2424152244595490,1.0260572386106073
91.2560595935906349,1.0249306046470454
91.2697039627217208,1.0237705686160727
91.2833483318528067,1.0225744738427731
91.2969927009838926,1.0213393370804986
91.3120324725323655,1.0199286580918179
91.3270722440808385,1.0184613844461812
91.3421120156293114,1.0169315147023728
91.3571517871777843,1.0153320838669431
91.3721915587262572,1.0136549599466660
91.3872313302747301,1.0118905403733767
91.3992893464395877,1.0104052567287289
91.4113473626044453,1.0088496029246061
91.4234053787693028,1.0072154445192469
91.4354633949341604,1.0054932209313030
91.4450376495270376,1.0040556100065976
91.4546119041199148,1.0025487637240311
91.4641861587127920,1.0009649876539775
91.4737604133056692,0.9992953155815006
91.4814404945417721,0.9978868654186704
91.4891205757778749,0.9964101279301099
91.4968006570139778,0.9948578567488814
91.5044807382500807,0.9932216815090393
91.5107386227655013,0.9918197766150202
91.5169965072809219,0.9903496963992403
91.5232543917963426,0.9888045277349948
91.5295122763117632,0.9871763472864092
91.5346857100810496,0.9857612018663104
91.5398591438503360,0.9842772288929319
91.5450325776196223,0.9827177449950104
91.5502060113889087,0.9810751424626006
91.5553794451581950,0.9793407215104118
91.5595189171100969,0.9778801606216291
91.5636583890619988,0.9763486322125667
91.5677978610139007,0.9747395744420879
91.5719373329658026,0.9730455728842687
91.5760768049177045,0.9712582154346536
91.5794364965266823,0.9697323726967720
91.5827961881356600,0.9681329685606503
91.5861558797446378,0.9664535239877186
91.5895155713536155,0.9646867654664237
91.5928752629625933,0.9628244981207487
91.5956466532785214,0.9612099167305603
91.5984180435944495,0.9595182333875927
91.6011894339103776,0.9577429459440820
91.6039608242263057,0.9558767942801292
91.6067322145422338,0.9539116457642514
91.6095036048581619,0.9518383587501098
91.6117416721471614,0.9500781382561064
91.6139797394361608,0.9482346338357384
91.6162178067251602,0.9463011158461681
91.6184558740141597,0.9442701087559467
91.6206939413031591,0.9421332840637866
91.6229320085921586,0.9398813337523348
91.6247634115873666,0.9379456792515667
91.6265948145825746,0.9359196208452210
91.6284262175777826,0.9337961392349923
91.6302576205729906,0.9315674715006277
91.6320890235681986,0.9292250094615604
91.6339204265634066,0.9267591804604257
91.6354414624322118,0.9246098462283902
91.6369624983010169,0.9223613096910551
91.6384835341698221,0.9200061211123888
91.6400045700386272,0.9175360706284208
91.6415256059074324,0.9149420885656144
91.6430466417762375,0.9122141292379604
91.6445676776450426,0.9093410364865451
91.6458111541372489,0.9068757911300404
91.6470546306294551,0.9042977810535715
91.6482981071216614,0.9015987807595237
91.6495415836138676,0.8987697534946719
91.6507850601060738,0.8958007485664569
91.6520285365982801,0.8926807822333575
91.6532720130904863,0.8893977007737736
91.6543006554797870,0.8865490096069644
91.6553292978690877,0.8835711010561260
91.6563579402583883,0.8804547777433708
91.6573865826476890,0.8771899606006903
91.6584152250369897,0.8737655808353814
91.6594438674262904,0.8701694552024398
91.6604725098155910,0.8663881432478737
91.6615011522048917,0.8624067830978324
91.6623405638534194,0.8589982215442131
91.6631799755019472,0.8554356724684099
91.6640193871504749,0.8517083834735496
91.6648587987990027,0.8478045961648327
91.6656982104475304,0.8437114261871874
91.6665376220960582,0.8394147252268582
91.6672869753860340,0.8353944434933627
91.6680363286760098,0.8311874280924582
91.6687856819659856,0.8267804076292036
91.6695350352559615,0.8221588379591585
91.6702843885459373,0.8173067586105633
91.6712644323891510,0.8105836305378010
91.6722444762323647,0.8033920462593724
91.6732245200755784,0.7956818881403181
91.6742045639187921,0.7873958067845704
91.6751846077620058,0.7784678995801674
91.6761646516052195,0.7688220954302337
91.6769630721600777,0.7603725052664331
91.6777614927149358,0.7513334269640350
91.6785599132697939,0.7416426445600359
91.6793583338246520,0.7312291597232660
91.6801567543795102,0.7200116512347913
91.6809551749343683,0.7078965997851230
91.6816204279425193,0.6970393646703041
91.6822856809506703,0.6854128543199942
91.6829509339588213,0.6729359261529264
91.6836161869669724,0.6595161534525893
91.6842814399751234,0.6450479071791723
91.6849466929832744,0.6294100453597491
91.6856119459914254,0.6124631294166659
91.6861648636957653,0.5972668619664032
91.6867177814001053,0.5809496831593705
91.6872706991044453,0.5633916372657227
91.6878236168087852,0.5444563312968778
91.6883765345131252,0.5239883014129313
91.6890056771046318,0.4986073186072472
91.6896348196961384,0.4707083769926148
91.6898365873553871,0.4611713943235290
91.6900383550146358,0.4513265085569064
91.6902401226738846,0.4411601041272771
91.6904418903331333,0.4306578372786242
91.6906436579923820,0.4198046002231986
91.6908454256516308,0.4085844853203304
91.6912489609701282,0.3849757115628720
91.6916524962886257,0.3596865343214393
91.6920560316071231,0.3325561970248088
91.6924595669256206,0.3034065587915463
91.6928631022441181,0.2720404909328226
91.6932666375626155,0.2382403517017766
91.6936701728811130,0.2017666491389866
91.6940062880455287,0.1691574805991042
91.6943424032099443,0.1343480446033199
91.6946785183743600,0.0971636088540084
91.6950146335387757,0.0574193004947881
91.6953507487031914,0.0149215465571881
91.6956295675010580,-0.0225641797943929
91.6959083862989246,-0.0621979229165407
91.6961872050967912,-0.1040947488228231
91.6964660238946578,-0.1483664913500429
91.6967448426925245,-0.1951184289248758
91.6970236614903911,-0.2444450932775925
91.6973024802882577,-0.2964251346305279
91.6975812990861243,-0.3511151843134590
91.6978601178839909,-0.4085426994931533
91.6981884632944144,-0.4796649838613623
91.6984355998987724,-0.5356343109945059
91.6986827365031303,-0.5936090860714276
91.6989298731074882,-0.6534669326234683
91.6991330595479752,-0.7039743830388624
91.6993362459884622,-0.7555264052044834
91.6995394324289492,-0.8079839835547071
91.6997426188694362,-0.8611854405796492
91.6999458053099232,-0.9149470161191772
91.7001489917504102,-0.9690642878521314
91.7003521781908972,-1.0233144900825073
91.7005553646313842,-1.0774597565089696
91.7007585510718712,-1.1312512571042395
91.7009617375123582,-1.1844341244680905
91.7011649239528452,-1.2367529893931886
91.7013681103933322,-1.2879578812219272
91.7015370054044041,-1.3295013243694147
91.7017059004154760,-1.3699816619419218
91.7018747954265478,-1.4092808955337583
91.7020436904376197,-1.4472930874835070
91.7022125854486916,-1.4839258652602976
91.7023814804597635,-1.5191015525491427
91.7025503754708353,-1.5527578812036680
91.7027192704819072,-1.5848482818557903
91.7028881654929791,-1.6153417785172204
91.7030887599766231,-1.6494629237336569
91.7032893544602672,-1.6813093114976518
91.7034537273690518,-1.7057266335059773
91.7036181002778363,-1.7286588761315014
91.7037824731866209,-1.7501406290255070
91.7039468460954055,-1.7702142388675266
91.7041112190041900,-1.7889284871946960
91.7042755919129746,-1.8063372670097742
91.7044399648217592,-1.8224983410745266
91.7046043377305438,-1.8374722126750371
91.7047687106393283,-1.8513211012743862
91.7049574586724532,-1.8659176528870034
91.7051462067055780,-1.8792092235458835
91.7053349547387029,-1.8912897246162721
91.7055237027718277,-1.9022506038536182
91.7057124508049526,-1.9121800020015443
91.7059011988380774,-1.9211621143882840
91.7060899468712023,-1.9292767399589317
91.7062786949043272,-1.9365989981052241
91.7064674429374520,-1.9431991854858632
91.7066561909705769,-1.9491427434019233
91.7068449390037017,-1.9544903116338563
91.7070336870368266,-1.9592978503219176
91.7072224350699514,-1.9636168139950676
91.7074111831030763,-1.9674943628504757
91.7075999311362011,-1.9709735982282617
91.7077886791693260,-1.9740938120480658
91.7079774272024508,-1.9768907425592546
91.7081661752355757,-1.9793968304630889
91.7083549232687005,-1.9816414706265195
91.7085436713018254,-1.9836512557143249
91.7087324193349502,-1.9854502091864346
91.7089450060212243,-1.9872508735311187
91.7091575927074985,-1.9888392567322184
91.7093701793937726,-1.9902399980959018
91.7095827660800467,-1.9914749615650165
91.7097953527663208,-1.9925635288971708
91.7100079394525949,-1.9935228668160918
91.7102439298870991,-1.9944548517717988
91.7104799203216032,-1.9952645339782731
91.7107159107561074,-1.9959678430491079
91.7109519011906116,-1.9965786598816577
91.7111878916251158,-1.9971090731200629
91.7114238820596199,-1.9975696063054169
91.7116598724941241,-1.9979694173471105
91.7118958629286283,-1.9983164728356946
91.7121318533631324,-1.9986177005737407
91.7123678437976366,-1.9988791233403149
91.7126038342321408,-1.9991059760430516
91.7128398246666450,-1.9993028079730513
91.7130758151011491,-1.9994735718894547
91.7133118055356533,-1.9996217016620910
91.7135477959701575,-1.9997501799846840
91.7137837864046617,-1.9998615973872789
91.7140197768391658,-1.9999582035942962
91.7142557672736700,-2.0000419521877451
91.7144917577081742,-2.0001145394527740
91.7147277481426784,-2.0001774381685937
91.7149637385771825,-2.0002319269920306
91.7151997290116867,-2.0002791159936684
91.7154357194461909,-2.0003199688435731
91.7156717098806951,-2.0003553220865826
91.7159077003151992,-2.0003859018892722
91.7161436907497034,-2.0004123385876538
91.7163796811842076,-2.0004351793212858
91.7166434854943873,-2.0004570372082902
91.7169072898045670,-2.0004755646885548
91.7171710941147467,-2.0004912496102558
91.7174348984249264,-2.0005045083412996
91.7176987027351061,-2.0005156962086956
91.7179625070452857,-2.0005251164964819
91.7182682053131089,-2.0005341606778222
91.7185739035809320,-2.0005415173824432
91.7188796018487551,-2.0005474696955101
91.7191853001165782,-2.0005522531587348
91.7194909983844013,-2.0005560637299564
91.7197966966522245,-2.0005590645074540
91.7201583739824855,-2.0005617534444258
91.7205200513127465,-2.0005636821934685
91.7208817286430076,-2.0005649992790646
91.7212434059732686,-2.0005658241429534
91.7216050833035297,-2.0005662528181607
91.7219667606337907,-2.0005663625952170
91.7224086022792164,-2.0005661535090797
91.7228504439246421,-2.0005656500383120
91.7232922855700679,-2.0005649209245746
91.7237341272154936,-2.0005640187895897
91.7241759688609193,-2.0005629838921499
91.7246178105063450,-2.0005618471167361
91.7251826826185095,-2.0005602824290247
91.7257475547306740,-2.0005586263937145
91.7263124268428385,-2.0005569054424162
91.7268772989550030,-2.0005551382852116
91.7274421710671675,-2.0005533381388605
91.7280070431793320,-2.0005515144327424
91.7287772908870949,-2.0005490014595235
91.7295475385948578,-2.0005464686694254
91.7303177863026207,-2.0005439235746070
91.7310880340103836,-2.0005413707556863
91.7318582817181465,-2.0005388129745527
91.7326285294259094,-2.0005362520030427
91.7337909979283808,-2.0005323832448290
91.7349534664308521,-2.0005285122180521
91.7361159349333235,-2.0005246402626939
91.7372784034357949,-2.0005207678271590
91.7384408719382662,-2.0005168950067089
91.7396033404407376,-2.0005130219318401
91.7415547412988417,-2.0005065199395515
91.7435061421569458,-2.0005000180215284
91.7454575430150499,-2.0004935162936213
91.7474089438731539,-2.0004870144697908
91.7493603447312580,-2.0004805124208582
91.7513117455893621,-2.0004740103000249
91.7547874277212259,-2.0004624290669959
91.7582631098530896,-2.0004508479704595
91.7617387919849534,-2.0004392668791189
91.7652144741168172,-2.0004276855773657
91.7686901562486810,-2.0004161040687873
91.7749731854978990,-2.0003951677273677
91.7812562147471169,-2.0003742311314201
91.7875392439963349,-2.0003532941874753
91.7938222732455529,-2.0003323568460680
91.8163609959597693,-2.0002572465791486
91.8388997186739857,-2.0001821315884030
91.8614384413882021,-2.0001070119079127
92.0868256685303805,-1.9993553207748056
92.3122128956725589,-1.9986031578424459
93.1322588303288654,-1.9958633568663802
93.9523047649851719,-1.9931172544898457
94.7723506996414784,-1.9903648066314672
98.7931987561185565,-1.9767745016555147
102.8140468125956346,-1.9630240490458275
106.8348948690727127,-1.9491075101108002
112.1400310109297607,-1.9304827958905177
117.4451671527868086,-1.9115422971853515
122.7503032946438566,-1.8922666348001396
128.0554394365009045,-1.8726356215219411
136.0554394365009045,-1.8423100904522622
142.6930098136962499,-1.8164356295868471
149.3305801908915953,-1.7898526189915858
155.9681505680869407,-1.7624937335823700
161.4323933805416971,-1.7393343203315661
166.8966361929964535,-1.7155450295832722
172.3608790054512099,-1.6910662786371868
177.8251218179059663,-1.6658284281152305
182.1806454765004446,-1.6451142375247385
186.5361691350949229,-1.6238173215649945
190.8916927936894012,-1.6018805335140309
195.2472164522838796,-1.5792367465463539
198.6894639216198186,-1.5607897480806869
202.1317113909557577,-1.5418056432095353
205.5739588602916967,-1.5222298721329726
209.0162063296276358,-1.5019980066716467
211.7180910360747816,-1.4856094157565061
214.4199757425219275,-1.4687257384590677
217.1218604489690733,-1.4512948014769755
219.8237451554162192,-1.4332546387090039
221.9291256470134783,-1.4187285466006077
224.0345061386107375,-1.4037459362405462
226.1398866302079966,-1.3882568006212683
227.8848604729689384,-1.3749935902870012
229.6298343157298802,-1.3613014891310546
231.3748081584908221,-1.3471322904787255
232.8161359106831867,-1.3350288005283668
234.2574636628755513,-1.3225218674411419
235.6987914150679160,-1.3095648113171952
236.8851919838921560,-1.2985229656695054
238.0715925527163961,-1.2871007875170923
239.2579931215406361,-1.2752528698176888
240.2296585617679341,-1.2651947368591436
241.2013240019952320,-1.2547780757140581
242.1729894422225300,-1.2439586575914574
242.9644426353280551,-1.2348118820676544
243.7558958284335802,-1.2253271996473043
244.5473490215391053,-1.2154614755210049
245.1881998749192917,-1.2071586048778062
245.8290507282994781,-1.1985373614369410
246.4699015816796646,-1.1895556264433753
246.9762524074959629,-1.1821709145688322
247.4826032333122612,-1.1744976881186540
247.9889540591285595,-1.1664971750802993
248.3707370790891105,-1.1602204683866435
248.7525200990496614,-1.1537057446001646
249.1343031190102124,-1.1469221813539598
249.4228330106384988,-1.1415950089232352
249.7113629022667851,-1.1360732656354817
249.9998927938950715,-1.1303329050619020
250.2221745215382782,-1.1257436944616150
250.4444562491814850,-1.1209915722601020
250.6667379768246917,-1.1160571412681806
250.8404942656034109,-1.1120583237577839
251.0142505543821301,-1.1079206275966773
251.1880068431608493,-1.1036280095694386
251.3249676206172580,-1.1001229901109928
251.4619283980736668,-1.0964986928078622
251.5988891755300756,-1.0927417313150360
251.7076218448334828,-1.0896543228363809
251.8163545141368900,-1.0864638940751159
251.9250871834402972,-1.0831592128006755
252.0120592089753586,-1.0804249305484734
252.0990312345104201,-1.0776010861192924
252.1860032600454815,-1.0746781910288865
252.2560868452409863,-1.0722433675627998
252.3261704304364912,-1.0697301647577340
252.3962540156319960,-1.0671305139443403
252.4531476020965499,-1.0649501725483710
252.5100411885611038,-1.0627007715315520
252.5669347750256577,-1.0603754041415450
252.6134746446756196,-1.0584112153495675
252.6600145143255816,-1.0563857248419550
252.7065543839755435,-1.0542929768692275
252.7449267934484283,-1.0525121031356308
252.7832992029213131,-1.0506763680942448
252.8216716123941978,-1.0487805933266223
252.8535657655688738,-1.0471549651907717
252.8854599187435497,-1.0454798101920917
252.9173540719182256,-1.0437505850870912
252.9492482250929015,-1.0419620582445996
252.9743311272871722,-1.0405099685709815
252.9994140294814429,-1.0390141117708420
253.0244969316757135,-1.0374706151852564
253.0495798338699842,-1.0358750522931879
253.0695865168426053,-1.0345617403555707
253.0895931998152264,-1.0332091562644043
253.1095998827878475,-1.0318139532205972
253.1296065657604686,-1.0303723305945496
253.1457848637713255,-1.0291697123844210
253.1619631617821824,-1.0279313317574827
253.1781414597930393,-1.0266542531730116
253.1943197578038962,-1.0253351637220838
253.2075775603264560,-1.0242202900000021
253.2208353628490158,-1.0230723759667304
253.2340931653715757,-1.0218888080252586
253.2473509678941355,-1.0206666537720130
253.2620049969524985,-1.0192669543553823
253.2766590260108615,-1.0178110588684099
253.2913130550692244,-1.0162930353176889
253.3059670841275874,-1.0147060057117703
253.3206211131859504,-1.0130419482339705
253.3352751422443134,-1.0112914020558190
253.3470606170880046,-1.0098132346363162
253.3588460919316958,-1.0082649944312447
253.3706315667753870,-1.0066386192269869
253.3824170416190782,-1.0049246426869596
253.3917945673090344,-1.0034909129581215
253.4011720929989906,-1.0019880922388809
253.4105496186889468,-1.0004085354313499
253.4199271443789030,-0.9987433413786336
253.4274616338898056,-0.9973363924776585
253.4349961234007083,-0.9958612024194483
253.4425306129116109,-0.9943105599684958
253.4500651024225135,-0.9926761415619461
253.4562129168307081,-0.9912738064140955
253.4623607312389026,-0.9898032663607201
253.4685085456470972,-0.9882576329078133
253.4746563600552918,-0.9866290161292782
253.4797449726047773,-0.9852118026471792
253.4848335851542629,-0.9837256695724276
253.4899221977037485,-0.9821639499531356
253.4950108102532340,-0.9805190591348129
253.5000994228027196,-0.9787823291041806
253.5041764829946658,-0.9773179277145093
253.5082535431866120,-0.9757824029319919
253.5123306033785582,-0.9741692017354877
253.5164076635705044,-0.9724709232843299
253.5204847237624506,-0.9706791753142769
253.5237977122115467,-0.9691478350933166
253.5271107006606428,-0.9675427134892797
253.5304236891097389,-0.9658573328707010
253.5337366775588350,-0.9640844242890130
253.5370496660079311,-0.9622158016120426
253.5397853381546156,-0.9605941304362696
253.5425210103013001,-0.9588950735707016
253.5452566824479845,-0.9571121235788179
253.5479923545946690,-0.9552380169362308
253.5507280267413535,-0.9532646201865763
253.5534636988880379,-0.9511827943468197
253.5556752771991853,-0.9494135429543838
253.5578868555103327,-0.9475606443789322
253.5600984338214801,-0.9456173563357493
253.5623100121326274,-0.9435761913434092
253.5645215904437748,-0.9414288100706627
253.5667331687549222,-0.9391658953563462
253.5685445742953164,-0.9372191155853794
253.5703559798357105,-0.9351814775448040
253.5721673853761047,-0.9330459413069279
253.5739787909164988,-0.9308047228796060
253.5757901964568930,-0.9284491927688557
253.5776016019972872,-0.9259697570441485
253.5791072050996036,-0.9238069705960508
253.5806128082019200,-0.9215444229660292
253.5821184113042364,-0.9191746352804372
253.5836240144065528,-0.9166893670386478
253.5851296175088692,-0.9140795164483952
253.5866352206111856,-0.9113350042793038
253.5881408237135020,-0.9084446395078357
253.5893726293105317,-0.9059627665746351
253.5906044349075614,-0.9033674237519504
253.5918362405045912,-0.9006503452459497
253.5930680461016209,-0.8978024512834513
253.5942998516986506,-0.8948137452632045
253.5955316572956804,-0.8916731944850323
253.5967634628927101,-0.8883685930647555
253.5977831077499900,-0.8854994638067389
253.5988027526072699,-0.8825002324665073
253.5998223974645498,-0.8793616481350848
253.6008420423218297,-0.8760735741478660
253.6018616871791096,-0.8726248797051041
253.6028813320363895,-0.8690033147718389
253.6039009768936694,-0.8651953669212936
253.6049206217509493,-0.8611860966982661
253.6057532036389262,-0.8577515962653491
253.6065857855269030,-0.8541619581677166
253.6074183674148799,-0.8504063574139513
253.6082509493028567,-0.8464729571423133
253.6090835311908336,-0.8423487880969892
253.6099161130788104,-0.8380196100077464
253.6106647528909264,-0.8339389960219127
253.6114133927030423,-0.8296674849751171
253.6121620325151582,-0.8251914170187142
253.6129106723272741,-0.8204958137237118
253.6136593121393901,-0.8155642280234634
253.6146315989018944,-0.8087771912203924
253.6156038856643988,-0.8015170004857312
253.6165761724269032,-0.7937330378645123
253.6175484591894076,-0.7853673841680343
253.6185207459519120,-0.7763534857148862
253.6194930327144164,-0.7666145250322971
253.6202852977159807,-0.7580813290583873
253.6210775627175451,-0.7489525351009235
253.6218698277191095,-0.7391652910840364
253.6226620927206739,-0.7286478781645894
253.6234543577222382,-0.7173181571970836
253.6242466227238026,-0.7050816783061455
253.6250388877253670,-0.6918293777999684
253.6256798336190741,-0.6802789234476039
253.6263207795127812,-0.6679044375756522
253.6269617254064883,-0.6546187686310280
253.6276026713001954,-0.6403226596583121
253.6282436171939025,-0.6249027085821880
253.6288845630876096,-0.6082289144219343
253.6295255089813168,-0.5901517300156376
253.6301664548750239,-0.5704985199659506
253.6306914417741041,-0.5530878789939838
253.6312164286731843,-0.5343604443359823
253.6317414155722645,-0.5141735263972798
253.6322664024713447,-0.4923649686141268
253.6327913893704249,-0.4687501394451488
253.6334266141359706,-0.4374581842749718
253.6340618389015162,-0.4027791965433333
253.6346970636670619,-0.3642038434455391
253.6353322884326076,-0.3211330923684992
253.6359675131981533,-0.2728628385958582
253.6366027379636989,-0.2185687201062859
253.6371106843200494,-0.1701806200615178
253.6374961907967247,-0.1301402460773909
253.6378816972734001,-0.0869475706505947
253.6382672037500754,-0.0403210499521953
253.6385750554005654,-0.0004230578477765
253.6388829070510553,0.0420078743221126
253.6391907587015453,0.0871274447354212
253.6394986103520353,0.1350885464629040
253.6398064620025252,0.1860363672071939
253.6401143136530152,0.2401020344453304
253.6404221653035052,0.2973945838073014
253.6407300169539951,0.3579911171416342
253.6410604590424782,0.4267482478516471
253.6413909011309613,0.4993177548732175
253.6417213432194444,0.5755704225725614
253.6420517853079275,0.6552598126463017
253.6423822273964106,0.7380022502226550
253.6427126694848937,0.8232624827314219
253.6430431115733768,0.9103479524317509
253.6433735536618599,0.9984155473554558
253.6437039957503430,1.0864939413988313
253.6440344378388261,1.1735226948530375
253.6443060066661701,1.2434882970372207
253.6445775754935141,1.3114086597032679
253.6448491443208582,1.3767261200053595
253.6451207131482022,1.4389454469551153
253.6453922819755462,1.4976533709339914
253.6456638508028902,1.5525326899910878
253.6459354196302343,1.6033695104223726
253.6462069884575783,1.6500535570619776
253.6464785572849223,1.6925721921790433
253.6467277058213199,1.7279788055335146
253.6469768543577175,1.7600521306758510
253.6472260028941150,1.7889444465492088
253.6474751514305126,1.8148385157173814
253.6477242999669102,1.8379377132402159
253.6479734485033077,1.8584571400262397
253.6482225970397053,1.8766160391417182
253.6484717455761029,1.8926316395641312
253.6487208941125004,1.9067143953490289
253.6490098198500789,1.9208885800561839
253.6492987455876573,1.9330230540708824
253.6495876713252358,1.9433831975768059
253.6498765970628142,1.9522078581847155
253.6501655228003926,1.9597096134639376
253.6504544485379711,1.9660759109613213
253.6507433742755495,1.9714707605080835
253.6510323000131280,1.9760367426876189
253.6513212257507064,1.9798971416342852
253.6516315230514920,1.9833780790162967
253.6518665560205648,1.9856236067225430
253.6521015889896375,1.9875789635532768
253.6523366219587103,1.9892810047000091
253.6525716549277831,1.9907620607440180
253.6528066878968559,1.9920504520365228
253.6530548812629604,1.9932291733098049
253.6533030746290649,1.9942460586551656
253.6535512679951694,1.9951231472670146
253.6537994613612739,1.9958795030197509
253.6540476547273784,1.9965316311602754
253.6542958480934828,1.9970938061592021
253.6546196772102633,1.9977122702761680
253.6549435063270437,1.9982216394944003
253.6552673354438241,1.9986410631537084
253.6555911645606045,1.9989863532220657
253.6559149936773849,1.9992705549005829
253.6562388227941653,1.9995044240838389
253.6565626519109458,1.9996968296133104
253.6569801661971724,1.9998953805850281
253.6573976804833990,2.0000496302519060
253.6578151947696256,2.0001693887423166
253.6582327090558522,2.0002622958451823
253.6586502233420788,2.0003343002916010
253.6590677376283054,2.0003900343583716
253.6594852519145320,2.0004331039202583
253.6599017650222834,2.0004662464514982
253.6603182781300347,2.0004917492402767
253.6607347912377861,2.0005113023177055
253.6611513043455375,2.0005262220193076
253.6615678174532889,2.0005375334707476
253.6619843305610402,2.0005460349935467
253.6624008436687916,2.0005523483306527
253.6628173567765430,2.0005569576416917
253.6632338698842943,2.0005602399710845
253.6636503829920457,2.0005624889446914
253.6641537442108643,2.0005641503344269
253.6646571054296828,2.0005649407452974
253.6651604666485014,2.0005650875224226
253.6656638278673199,2.0005647586644049
253.6661671890861385,2.0005640781233045
253.6666705503049570,2.0005631376458828
253.6672534446777263,2.0005618119586157
253.6678363390504956,2.0005603043090168
253.6684192334232648,2.0005586683698868
253.6690021277960341,2.0005569420060003
253.6692768843271608,2.0005561048637315
253.6695516408582876,2.0005552558171522
253.6698263973894143,2.0005543966708927
253.6701011539205410,2.0005535289610168
253.6703759104516678,2.0005526539934957
253.6706506669827945,2.0005517728736613
253.6712001800450764,2.0005499957717841
253.6717496931073583,2.0005482035433495
253.6722992061696402,2.0005464004384632
253.6728487192319221,2.0005445895305929
253.6733982322942040,2.0005427730230521
253.6739477453564859,2.0005409524846054
253.6749930144544294,2.0005374820820672
253.6760382835523728,2.0005340058303331
253.6770835526503163,2.0005305265783062
253.6781288217482597,2.0005270458422020
253.6791740908462032,2.0005235642848547
253.6802193599441466,2.0005200821950324
253.6809967446961593,2.0005174922997964
253.6817741294481721,2.0005149023103628
253.6825515142001848,2.0005123122599091
253.6833288989521975,2.0005097221617163
253.6841062837042102,2.0005071320282379
253.6848836684562229,2.0005045418733780
253.6864384379602484,2.0004993615181390
253.6879932074642738,2.0004941811327694
253.6895479769682993,2.0004890007241944
253.6911027464723247,2.0004838202886646
253.6926575159763502,2.0004786398257313
253.7006803867049882,2.0004519073924780
253.7087032574336263,2.0004251743857977
253.7167261281622643,2.0003984407929996
253.7247489988909024,2.0003717065966131
253.7656409876696841,2.0002354350870291
253.8065329764484659,2.0000991480726498
253.8474249652272476,1.9999628455913832
253.8883169540060294,1.9998265276304534
254.1688668497591834,1.9988908652682733
254.4494167455123375,1.9979544717510589
254.7299666412654915,1.9970173453617768
257.5354655987971455,1.9876050214438565
260.3409645563287995,1.9781171071604218
263.1464635138604535,1.9685517267860024
268.0785980922975114,1.9515422460767098
273.0107326707345692,1.9342756271258137
277.9428672491716270,1.9167381059715645
282.8750018276086848,1.8989153124793279
290.8750018276086848,1.8693583195580750
298.8750018276086848,1.8389330821409489
305.3112904201241804,1.8137661578517814
311.7475790126396760,1.7879272319130002
318.1838676051551715,1.7613539933695643
324.6201561976706671,1.7339738070336161
329.7565022626086488,1.7114888905468479
334.8928483275466306,1.6883855028081411
340.0291943924846123,1.6646044005217524
345.1655404574225940,1.6400762370402973
349.2413369131607510,1.6200280821773507
353.3171333688989080,1.5994103876351291
357.3929298246370649,1.5781667287796552
361.4687262803752219,1.5562307283985988
364.6829623205194935,1.5383930333842373
367.8971983606637650,1.5200306014492566
371.1114344008080366,1.5010895750263586
374.3256704409523081,1.4815062535434711
376.8434592328061967,1.4656695817639245
379.3612480246600853,1.4493491888858780
381.8790368165139739,1.4324935426713239
383.9745280200526736,1.4180137867588563
386.0700192235913732,1.4030795233479707
388.1655104271300729,1.3876411122296397
389.9038916072922802,1.3744096296761672
391.6422727874544876,1.3607506048233637
393.3806539676166949,1.3466160229023545
394.8182474848055108,1.3345278291936511
396.2558410019943267,1.3220365595795653
397.6934345191831426,1.3090955625205629
398.8767574559601030,1.2980672902304029
400.0600803927370634,1.2866589942863542
401.2434033295140239,1.2748252865641279
402.2125028066653840,1.2647795276229890
403.1816022838167441,1.2543755185200776
404.1507017609681043,1.2435690455595261
404.9400075675240487,1.2344337162548167
405.7293133740799931,1.2249607422003481
406.5186191806359375,1.2151070024022903
407.1576800797010378,1.2068147231036999
407.7967409787661381,1.1982043191933816
408.4358018778312385,1.1892336846881482
408.9403088359309777,1.1818643305260543
409.4448157940307169,1.1742071575295003
409.9493227521304561,1.1662235032518333
410.3296928857631087,1.1599605015343530
410.7100630193957613,1.1534601253122752
411.0904331530284139,1.1466916550298487
411.3779682379489486,1.1413750865816406
411.6655033228694833,1.1358644133719369
411.9530384077900180,1.1301356591012521
412.1746025595884930,1.1255547821133969
412.3961667113869680,1.1208113376006796
412.6177308631854430,1.1158859771592937
412.7909471016041039,1.1118940721615536
412.9641633400227647,1.1077635655156268
413.1373795784414256,1.1034784519858660
413.2739270463097228,1.0999792770972860
413.4104745141780199,1.0963610542556839
413.5470219820463171,1.0926104279211364
413.6554370021207774,1.0895279561587652
413.7638520221952376,1.0863426542085510
413.8722670422696979,1.0830433147310079
413.9589933892905833,1.0803132111701748
414.0457197363114688,1.0774937029616116
414.1324460833323542,1.0745753218075542
414.2023383077061567,1.0721440477066775
414.2722305320799592,1.0696345254750181
414.3421227564537617,1.0670387029399278
414.3988664733350333,1.0648613779743326
414.4556101902163050,1.0626151027225705
414.5123539070975767,1.0602929839410073
414.5587758355612777,1.0583313553248470
414.6051977640249788,1.0563085158807277
414.6516196924886799,1.0542185209076194
414.6898988074534600,1.0524398166471720
414.7281779224182401,1.0506063264289243
414.7664570373830202,1.0487128808610817
414.7982769581631146,1.0470890889886832
414.8300968789432090,1.0454158326150085
414.8619167997233035,1.0436885758763019
414.8937367205033979,1.0419020959878040
414.9187648940796294,1.0404514633621680
414.9437930676558608,1.0389571116592364
414.9688212412320922,1.0374151738631525
414.9938494148083237,1.0358212301814025
415.0138152153107853,1.0345090735960749
415.0337810158132470,1.0331576819208321
415.0537468163157087,1.0317637126935340
415.0737126168181703,1.0303233704363357
415.0898599347393656,1.0291216687383422
415.1060072526605609,1.0278842333367726
415.1221545705817562,1.0266081320668228
415.1383018885029514,1.0252900560156653
415.1515358855058366,1.0241759077817891
415.1647698825087218,1.0230287415226171
415.1780038795116070,1.0218459462989000
415.1912378765144922,1.0206245928431663
415.2058681153799284,1.0192255697388533
415.2204983542453647,1.0177703750571518
415.2351285931108009,1.0162530810917410
415.2497588319762372,1.0146668152217160
415.2643890708416734,1.0130035624302045
415.2790193097071096,1.0112538706334662
415.2907879419525443,1.0097761397472542
415.3025565741979790,1.0082283542786281
415.3143252064434137,1.0066024564759755
415.3260938386888483,1.0048889858251253
415.3354591888419236,1.0034554919489411
415.3448245389949989,1.0019529158152143
415.3541898891480741,1.0003736153753862
415.3635552393011494,0.9987086934953184
415.3710807077799245,0.9973018325368963
415.3786061762586996,0.9958267330667514
415.3861316447374747,0.9942761860205016
415.3936571132162499,0.9926418707295622
415.3997981008165539,0.9912395032436966
415.4059390884168579,0.9897689287891438
415.4120800760171619,0.9882232603920034
415.4182210636174659,0.9865946101903609
415.4233044108227091,0.9851772621763129
415.4283877580279523,0.9836909886130559
415.4334711052331954,0.9821291235581964
415.4385544524384386,0.9804840837781129
415.4436377996436818,0.9787472032206492
415.4477109818811300,0.9772825564501120
415.4517841641185782,0.9757467763361829
415.4558573463560265,0.9741333103931508
415.4599305285934747,0.9724347586109257
415.4640037108309230,0.9706427299433016
415.4673137948636281,0.9691110404951681
415.4706238788963333,0.9675055556918454
415.4739339629290384,0.9658197979739582
415.4772440469617436,0.9640464986600399
415.4805541309944488,0.9621774721435369
415.4832875801951673,0.9605553517380653
415.4860210293958858,0.9588558276617615
415.4887544785966043,0.9570723921306218
415.4914879277973228,0.9551977813884985
415.4942213769980413,0.9532238619060310
415.4969548261987597,0.9511414948421970
415.4991647546277704,0.9493716720709180
415.5013746830567811,0.9475181791235970
415.5035846114857918,0.9455742729059174
415.5057945399148025,0.9435324651680204
415.5080044683438132,0.9413844158777999
415.5102143967728239,0.9391208072757611
415.5120245558534862,0.9371733241620495
415.5138347149341485,0.9351349540390992
415.5156448740148107,0.9329986556671338
415.5174550330954730,0.9307566437120470
415.5192651921761353,0.9284002873202631
415.5210753512567976,0.9259199912012605
415.5225799918057987,0.9237563546458842
415.5240846323547999,0.9214929215720856
415.5255892729038010,0.9191222112581652
415.5270939134528021,0.9166359812592552
415.5285985540018032,0.9140251277434056
415.5301031945508043,0.9112795693482698
415.5316078350998055,0.9083881128322058
415.5328389122946078,0.9059051893562848
415.5340699894894101,0.9033087514140634
415.5353010666842124,0.9005905306597269
415.5365321438790147,0.8977414445948714
415.5377632210738170,0.8947514937091208
415.5389942982686193,0.8916096421987888
415.5402253754634216,0.8883036808717168
415.5412444584481477,0.8854332604089279
415.5422635414328738,0.8824326819430232
415.5432826244175999,0.8792926911774920
415.5443017074023260,0.8760031478024103
415.5453207903870521,0.8725529170929607
415.5463398733717781,0.8689297447856157
415.5473589563565042,0.8651201138960112
415.5483780393412303,0.8611090800551315
415.5492101945019385,0.8576729407931245
415.5500423496626468,0.8540815911616000
415.5508745048233550,0.8503242015767319
415.5517066599840632,0.8463889302125256
415.5525388151447714,0.8422628024414640
415.5533709703054797,0.8379315721747085
415.5541195664569614,0.8338471302009541
415.5548681626084431,0.8295715259061537
415.5556167587599248,0.8250910745964053
415.5563653549114065,0.8203907700553495
415.5571139510628882,0.8154541340693054
415.5578633875970809,0.8102570569191168
415.5586128241312736,0.8047848815236890
415.5593622606654662,0.7990154322101363
415.5601116971996589,0.7929241411949595
415.5608611337338516,0.7864837245512670
415.5618707968081367,0.7772008710202619
415.5628804598824217,0.7671441370414089
415.5638901229567068,0.7562147668385600
415.5648997860309919,0.7442970851193785
415.5659094491052770,0.7312547344504773
415.5669191121795620,0.7169260058081104
415.5679287752538471,0.7011179086855045
415.5689384383281322,0.6835985426411055
415.5699481014024173,0.6640872402086313
415.5709577644767023,0.6422417194028186
415.5717860521418174,0.6222853008281356
415.5726143398069325,0.6001949110269997
415.5734426274720477,0.5756326808394774
415.5742709151371628,0.5481909464967586
415.5750992028022779,0.5173749862981317
415.5759274904673930,0.4825810522496630
415.5767557781325081,0.4430684915468248
415.5775840657976232,0.3979247551144137
415.5784123534627383,0.3460222803405406
415.5791732296473810,0.2911984973696791
415.5797650468115307,0.2429668472060136
415.5803568639756804,0.1890525900368143
415.5808337284666436,0.1409118597941713
415.5813105929576068,0.0880549810366905
415.5817874574485700,0.0299538051320184
415.5822643219395331,-0.0339525169955480
415.5826595657167672,-0.0917326098139820
415.5830548094940013,-0.1542201471975068
415.5834500532712354,-0.2217155037892369
415.5838452970484695,-0.2944725142146539
415.5842405408257036,-0.3726671693134184
415.5846357846029377,-0.4563581410548998
415.5850795924254726,-0.5567442118178015
415.5854002752164433,-0.6332527778650551
415.5857209580074141,-0.7127492951017899
415.5860416407983848,-0.7947854808211219
415.5863623235893556,-0.8787736673177653
415.5866830063803263,-0.9639892513563967
415.5870036891712971,-1.0495848509012744
415.5873243719622678,-1.1346186558100382
415.5876450547532386,-1.2180961754474935
415.5879025393803090,-1.2833217469275802
415.5881600240073794,-1.3464108536674742
415.5884175086344499,-1.4069151398444817
415.5886749932615203,-1.4644457450348232
415.5889324778885907,-1.5186862025850143
415.5891899625156611,-1.5694009720856752
415.5894803064967391,-1.6221726032597803
415.5897706504778171,-1.6701803206950974
415.5900609944588950,-1.7134555075009490
415.5902940394008738,-1.7448558930397389
415.5905270843428525,-1.7734040602105929
415.5907601292848312,-1.7992378955796240
415.5909931742268100,-1.8225150434302986
415.5912262191687887,-1.8434062015565760
415.5914592641107674,-1.8620890568926858
415.5917332783398592,-1.8814746230456196
415.5920072925689510,-1.8983424470493633
415.5922813067980428,-1.9129681939409289
415.5925553210271346,-1.9256110754674183
415.5928293352562264,-1.9365107861915016
415.5931033494853182,-1.9458859300958598
415.5934261848880737,-1.9552418691697930
415.5937490202908293,-1.9630391422193645
415.5939965423155513,-1.9681173008108461
415.5942440643402733,-1.9725220588716219
415.5944915863649953,-1.9763394595985317
415.5947391083897173,-1.9796453195444856
415.5949866304144393,-1.9825063059483619
415.5952341524391613,-1.9849808867365661
415.5954816744638833,-1.9871201847583846
415.5958511770391510,-1.9897850369161936
415.5962206796144187,-1.9919262541846616
415.5965901821896864,-1.9936455820232284
415.5969596847649541,-1.9950253925219734
415.5973291873402218,-1.9961322302565168
415.5976986899154895,-1.9970197555018494
415.5980681924907572,-1.9977311881437085
415.5984858630914118,-1.9983667350403891
415.5989035336920665,-1.9988613654341643
415.5993212042927212,-1.9992461924181708
415.5997388748933759,-1.9995454836841309
415.6001565454940305,-1.9997781589335772
415.6005742160946852,-1.9999589629081689
415.6009918866953399,-2.0000993818966637
415.6014095572959945,-2.0002083623266351
415.6018272278966492,-2.0002928708460357
415.6022448984973039,-2.0003583314348465
415.6026614999851176,-2.0004088531186923
415.6030781014729314,-2.0004478884698562
415.6034947029607451,-2.0004779786943869
415.6039113044485589,-2.0005011029950590
415.6043279059363726,-2.0005188027282959
415.6047445074241864,-2.0005322782598216
415.6051611089120001,-2.0005424643772356
415.6055777103998139,-2.0005500890177155
415.6059943118876276,-2.0005557190472536
415.6064109133754414,-2.0005597958881025
415.6068820267018395,-2.0005629638530529
415.6073531400282377,-2.0005649643569576
415.6078242533546359,-2.0005660851995053
415.6082953666810340,-2.0005665432279693
415.6087664800074322,-2.0005665016541250
415.6092375933338303,-2.0005660835852734
415.6098204866912624,-2.0005651815794829
415.6104033800486945,-2.0005639725597706
415.6109862734061267,-2.0005625470767763
415.6115691667635588,-2.0005609690004640
415.6121520601209909,-2.0005592834568007
415.6127349534784230,-2.0005575221456020
415.6130243204648309,-2.0005566268272545
415.6133136874512388,-2.0005557205386495
415.6136030544376467,-2.0005548050275528
415.6138924214240546,-2.0005538817636004
415.6141817884104626,-2.0005529519842731
415.6144711553968705,-2.0005520167298800
415.6150498893696863,-2.0005501331390105
415.6156286233425021,-2.0005482364277674
415.6162073573153179,-2.0005463304549385
415.6167860912881338,-2.0005444179547500
415.6173648252609496,-2.0005425008477169
415.6179435592337654,-2.0005405804788170
415.6190398159537835,-2.0005369369839285
415.6201360726738017,-2.0005332889942831
415.6212323293938198,-2.0005296388116847
415.6223285861138379,-2.0005259875998687
415.6234248428338560,-2.0005223358105817
415.6245210995538741,-2.0005186836272220
415.6271521890724330,-2.0005099167045342
415.6292007656576288,-2.0005030911426402
415.6312493422428247,-2.0004962660151659
415.6332979188280206,-2.0004894405674638
415.6353464954132164,-2.0004826146364230
415.6373950719984123,-2.0004757886688389
415.6394436485836081,-2.0004689628897410
415.6420192971859819,-2.0004603809749750
415.6445949457883557,-2.0004517987476520
415.6471705943907295,-2.0004432163174606
415.6497462429931034,-2.0004346339673669
415.6523218915954772,-2.0004260516781116
415.6548975401978510,-2.0004174692683399
415.6593854686954046,-2.0004025146344695
415.6638733971929582,-2.0003875597923959
415.6683613256905119,-2.0003726048659498
415.6728492541880655,-2.0003576497754714
415.6773371826856192,-2.0003426944541887
415.6938130972876593,-2.0002877894449367
415.7102890118896994,-2.0002328818587660
415.7267649264917395,-2.0001779717886441
415.7432408410937796,-2.0001230592182715
415.8294676839784643,-1.9998356327843041
415.9156945268631489,-1.9995481374706909
416.0019213697478335,-1.9992605732302748
416.8641897985945661,-1.9963811184176909
417.7264582274412987,-1.9934947061070531
418.5887266562880313,-1.9906012851455210
422.6122093575252165,-1.9770047551203194
426.6356920587624018,-1.9632479756288899
430.6591747599995870,-1.9493249985804997
435.9773997014024758,-1.9306575854385026
441.2956246428053646,-1.9116729883319143
446.6138495842082534,-1.8923517010032935
451.9320745256111422,-1.8726733980554937
459.9320745256111422,-1.8423490007466350
466.5689864697693565,-1.8164781734060331
473.2058984139275708,-1.7898990390840246
479.8428103580857851,-1.7625443094648912
485.3076644178512424,-1.7393836058239185
490.7725184776166998,-1.7155929987707106
496.2373725373821571,-1.6911129043701805
501.7022265971476145,-1.6658736817806032
506.0582445858301526,-1.6451583417041149
510.4142625745126907,-1.6238602542402201
514.7702805631952288,-1.6019222715518155
519.1262985518777668,-1.5792772656932663
522.5689531940757888,-1.5608291963875562
526.0116078362738108,-1.5418439989647179
529.4542624784718328,-1.5222671123911939
532.8969171206698547,-1.5020341072056904
535.5991307718351209,-1.4856445463552290
538.3013444230003870,-1.4687598791948575
541.0035580741656531,-1.4513279312969256
543.7057717253309193,-1.4332867354089864
545.8114165365086592,-1.4187597661216482
547.9170613476863991,-1.4037762602659287
550.0227061588641391,-1.3882862098128346
551.7679043118322397,-1.3750221854197959
553.5131024648003404,-1.3613292529404297
555.2583006177684410,-1.3471592047390157
556.6998181585922794,-1.3350549601506707
558.1413356994161177,-1.3225472561697278
559.5828532402399560,-1.3095894120012626
560.7694140137674594,-1.2985468665016910
561.9559747872949629,-1.2871239731441784
563.1425355608224663,-1.2752753240520951
564.1143357297256671,-1.2652165423864996
565.0861358986288678,-1.2547992180134222
566.0579360675320686,-1.2439791213649347
566.8495020989884097,-1.2348317449083983
567.6410681304447508,-1.2253464478049989
568.4326341619010918,-1.2154800945228272
569.0735790899534550,-1.2071766676495141
569.7145240180058181,-1.1985548549478524
570.3554689460581812,-1.1895725369924275
570.8619167271536980,-1.1821870181834602
571.3683645082492149,-1.1745129482347412
571.8748122893447317,-1.1665115493740994
572.2566695992061341,-1.1602341226329258
572.6385269090675365,-1.1537186450297046
573.0203842189289389,-1.1469342887928970
573.3089664123945113,-1.1416065592602027
573.5975486058600836,-1.1360842343775495
573.8861307993256560,-1.1303432640298809
574.1084502491014518,-1.1257536156391796
574.3307696988772477,-1.1210010375683592
574.5530891486530436,-1.1160661300643273
574.7268738245840041,-1.1120669494506776
574.9006585005149645,-1.1079288756336736
575.0744431764459250,-1.1036358634022347
575.2114256780781716,-1.1001305369445735
575.3484081797104182,-1.0965059205648666
575.4853906813426647,-1.0927486262994919
575.5941400460948216,-1.0896609585111172
575.7028894108469785,-1.0864702604535386
575.8116387755991354,-1.0831652985883355
575.8986237131530288,-1.0804307968501707
575.9856086507069222,-1.0776067246596541
576.0725935882608155,-1.0746835924719516
576.1426872302870379,-1.0722485825782808
576.2127808723132603,-1.0697351864531233
576.2828745143394826,-1.0671353345604346
576.3397759768305377,-1.0649548347280824
576.3966774393215928,-1.0627052695313517
576.4535789018126479,-1.0603797315081893
576.5001249693677892,-1.0584154082427957
576.5466710369229304,-1.0563897784871925
576.5932171044780716,-1.0542968859114334
576.6315944164703069,-1.0525158982250158
576.6699717284625422,-1.0506800452724099
576.7083490404547774,-1.0487841481609232
576.7402470942919308,-1.0471584235737146
576.7721451481290842,-1.0454831688475816
576.8040432019662376,-1.0437538403513187
576.8359412558033910,-1.0419652059889744
576.8610270336019994,-1.0405130397828886
576.8861128114006078,-1.0390171039261007
576.9111985891992163,-1.0374735254632264
576.9362843669978247,-1.0358778775197361
576.9562931978988445,-1.0345645048968664
576.9763020287998643,-1.0332118581734273
576.9963108597008841,-1.0318165903224996
577.0163196906019039,-1.0303749004438485
577.0324996161680247,-1.0291722340932368
577.0486795417341455,-1.0279338038174686
577.0648594673002663,-1.0266566738984870
577.0810393928663871,-1.0253375312174540
577.0942984459391027,-1.0242226193880333
577.1075574990118184,-1.0230746660767243
577.1208165520845341,-1.0218910575469156
577.1340756051572498,-1.0206688612303048
577.1487308838460422,-1.0192691262859550
577.1633861625348345,-1.0178131939844182
577.1780414412236269,-1.0162951321071114
577.1926967199124192,-1.0147080623805012
577.2073519986012116,-1.0130439626307444
577.2220072772900039,-1.0112933715700438
577.2337936367162001,-1.0098151812128269
577.2455799961423963,-1.0082669171134289
577.2573663555685926,-1.0066405168238794
577.2691527149947888,-1.0049265137017938
577.2785308800922621,-1.0034927715726039
577.2879090451897355,-1.0019899379937345
577.2972872102872088,-1.0004103677071476
577.3066653753846822,-0.9987451593446781
577.3142003386083161,-0.9973382058089429
577.3217353018319500,-0.9958630109763447
577.3292702650555839,-0.9943123634973474
577.3368052282792178,-0.9926779396570932
577.3429534011551141,-0.9912756061886924
577.3491015740310104,-0.9898050679223521
577.3552497469069067,-0.9882594362842213
577.3613979197828030,-0.9866308212397892
577.3664868087946616,-0.9852136148012224
577.3715756978065201,-0.9837274890819616
577.3766645868183787,-0.9821657770770827
577.3817534758302372,-0.9805208940574573
577.3868423648420958,-0.9787841719067997
577.3909196286381302,-0.9773197833781975
577.3949968924341647,-0.9757842719783127
577.3990741562301992,-0.9741710846578520
577.4031514200262336,-0.9724728205324963
577.4072286838222681,-0.9706810872740058
577.4105418247536363,-0.9691497653634387
577.4138549656850046,-0.9675446628023784
577.4171681066163728,-0.9658593019555248
577.4204812475477411,-0.9640864138602334
577.4237943884791093,-0.9622178123566764
577.4265301773252759,-0.9605961647382424
577.4292659661714424,-0.9588971323729216
577.4320017550176090,-0.9571142078423759
577.4347375438637755,-0.9552401276343194
577.4374733327099420,-0.9532667582961502
577.4402091215561086,-0.9511849608373005
577.4424207864780101,-0.9494157394103474
577.4446324513999116,-0.9475628720061978
577.4468441163218131,-0.9456196163825639
577.4490557812437146,-0.9435784850982798
577.4512674461656161,-0.9414311388588020
577.4534791110875176,-0.9391682605342826
577.4552905820579554,-0.9372215176512964
577.4571020530283931,-0.9351839180059538
577.4589135239988309,-0.9330484217393521
577.4607249949692687,-0.9308072449296964
577.4625364659397064,-0.9284517581542709
577.4643479369101442,-0.9259723675538264
577.4658535905374492,-0.9238096256921524
577.4673592441647543,-0.9215471245018262
577.4688648977920593,-0.9191773852061061
577.4703705514193643,-0.9166921674063111
577.4718762050466694,-0.9140823694171212
577.4733818586739744,-0.9113379121199395
577.4748875123012795,-0.9084476046075165
577.4761193561309938,-0.9059657867739388
577.4773511999607081,-0.9033705013888009
577.4785830437904224,-0.9006534827921004
577.4798148876201367,-0.8978056513535676
577.4810467314498510,-0.8948170106245046
577.4822785752795653,-0.8916765280674773
577.4835104191092796,-0.8883719979717668
577.4845300934573515,-0.8855029364360896
577.4855497678054235,-0.8825037757511009
577.4865694421534954,-0.8793652651854803
577.4875891165015673,-0.8760772682657949
577.4886087908496393,-0.8726286543981395
577.4896284651977112,-0.8690071737693101
577.4906481395457831,-0.8651993141915374
577.4916678138938551,-0.8611901364673046
577.4925004181785653,-0.8577557219889409
577.4933330224632755,-0.8541661736590197
577.4941656267479857,-0.8504106667269722
577.4949982310326959,-0.8464773645914064
577.4958308353174061,-0.8423532982782248
577.4966634396021163,-0.8380242278223463
577.4974120817089442,-0.8339438145553683
577.4981607238157721,-0.8296725181325865
577.4989093659226000,-0.8251966800074479
577.4996580080294279,-0.8205013232072078
577.5004066501362558,-0.8155700022974942
577.5011560843144025,-0.8103789946791365
577.5019055184925492,-0.8049133723475542
577.5026549526706958,-0.7991510111629737
577.5034043868488425,-0.7930674017708598
577.5041538210269891,-0.7866353266821874
577.5051640322318462,-0.7773596251838084
577.5061742434367034,-0.7673107026645719
577.5071844546415605,-0.7563898913543328
577.5081946658464176,-0.7444816191943476
577.5092048770512747,-0.7314496505172737
577.5102150882561318,-0.7171324205877582
577.5112252994609889,-0.7013371106891914
577.5122355106658460,-0.6838320258823778
577.5132457218707032,-0.6643367456278584
577.5142559330755603,-0.6425092858250049
577.5150845805458175,-0.6225717289632130
577.5159132280160748,-0.6005025476636007
577.5167418754863320,-0.5759642703403777
577.5175705229565892,-0.5485497112180429
577.5183991704268465,-0.5177647235238402
577.5192278178971037,-0.4830062494395277
577.5200564653673609,-0.4435344599459169
577.5208851128376182,-0.3984377775500892
577.5217137603078754,-0.3465897599335001
577.5224764198291041,-0.2917116934196222
577.5230691284480145,-0.2434629879129561
577.5236618370669248,-0.1895221501991855
577.5241390673174919,-0.1413884174591927
577.5246162975680591,-0.0885361066690737
577.5250935278186262,-0.0304362022020587
577.5255707580691933,0.0334732176411829
577.5259660905692272,0.0912275327805047
577.5263614230692610,0.1536887532889824
577.5267567555692949,0.2211577320888437
577.5271520880693288,0.2938889632675255
577.5275474205693627,0.3720593084806653
577.5279427530693965,0.4557285410733860
577.5283878582259831,0.5563745692400911
577.5287088001366556,0.6329305690743027
577.5290297420473280,0.7124809037798366
577.5293506839580004,0.7945767154932386
577.5296716258686729,0.8786293185982000
577.5299925677793453,0.9639126345682854
577.5303135096900178,1.0495773753966109
577.5306344516006902,1.1346794915971865
577.5309553935113627,1.2182220811809774
577.5312128726275205,1.2834426669980568
577.5314703517436783,1.3465259903841358
577.5317278308598361,1.4070238198012024
577.5319853099759939,1.4645474432029693
577.5322427890921517,1.5187805559049359
577.5325002682083095,1.5694877834745304
577.5327907263608722,1.6222717648929514
577.5330811845134349,1.6702880396794941
577.5333716426659976,1.7135682744956857
577.5336046732790010,1.7449568260767958
577.5338377038920044,1.7734939322293539
577.5340707345050077,1.7993175328873412
577.5343037651180111,1.8225852967940130
577.5345367957310145,1.8434679220433783
577.5347698263440179,1.8621430762968945
577.5350439340563753,1.8815278813752478
577.5353180417687327,1.8983940577733209
577.5355921494810900,1.9130175076724070
577.5358662571934474,1.9256576447180600
577.5361403649058047,1.9365543307032276
577.5364144726181621,1.9459263044733925
577.5367365466994443,1.9552554439981458
577.5370586207807264,1.9630336961639643
577.5373060996560071,1.9681117516800735
577.5375535785312877,1.9725165350360210
577.5378010574065684,1.9763340567461052
577.5380485362818490,1.9796401078908901
577.5382960151571297,1.9825013348975413
577.5385434940324103,1.9849761887523631
577.5387909729076910,1.9871157791922207
577.5391635231991359,1.9898011521344652
577.5395360734905807,1.9919549582724663
577.5399086237820256,1.9936812522630556
577.5402811740734705,1.9950641260229032
577.5406537243649154,1.9961713916182811
577.5410262746563603,1.9970576317837521
577.5413988249478052,1.9977667290194729
577.5418164971258648,1.9983944046452289
577.5422341693039243,1.9988829001520967
577.5426518414819839,1.9992629471929830
577.5430695136600434,1.9995585151680566
577.5434871858381030,1.9997882907774498
577.5439048580161625,1.9999668369161936
577.5443225301942221,2.0001054980264721
577.5447402023722816,2.0002131099601175
577.5451578745503411,2.0002965531928614
577.5455755467284007,2.0003611845703420
577.5459921448689329,2.0004110617691606
577.5464087430094651,2.0004495952969941
577.5468253411499973,2.0004792947915351
577.5472419392905294,2.0005021148688584
577.5476585374310616,2.0005195777371267
577.5480751355715938,2.0005328688511015
577.5484917337121260,2.0005429113872228
577.5489083318526582,2.0005504242414438
577.5493249299931904,2.0005559672400626
577.5497415281337226,2.0005599763240105
577.5502136046861779,2.0005630906476752
577.5506856812386332,2.0005650478936805
577.5511577577910884,2.0005661338078289
577.5516298343435437,2.0005665635649277
577.5521019108959990,2.0005664990220300
577.5525739874484543,2.0005660621954759
577.5531568807792837,2.0005651437439833
577.5537397741101131,2.0005639231328955
577.5543226674409425,2.0005624894810068
577.5549055607717719,2.0005609056489768
577.5554884541026013,2.0005592160488872
577.5560713474334307,2.0005574518793114
577.5563616815195473,2.0005565524580478
577.5566520156056640,2.0005556421738602
577.5569423496917807,2.0005547227627432
577.5572326837778974,2.0005537956835213
577.5575230178640140,2.0005528621638557
577.5578133519501307,2.0005519232352378
577.5583940201223641,2.0005500324633996
577.5589746882945974,2.0005481287513489
577.5595553564668307,2.0005462159157319
577.5601360246390641,2.0005442966577105
577.5607166928112974,2.0005423728721432
577.5612973609835308,2.0005404458843867
577.5623980490476015,2.0005367874124884
577.5634987371116722,2.0005331245360956
577.5645994251757429,2.0005294595196790
577.5657001132398136,2.0005257935040683
577.5668008013038843,2.0005221269274536
577.5679014893679550,2.0005184599659631
577.5704960188744508,2.0005098148939551
577.5725452625044909,2.0005029870770472
577.5745945061345310,2.0004961596873994
577.5766437497645711,2.0004893320191171
577.5786929933946112,2.0004825038862020
577.5807422370246513,2.0004756756978197
577.5827914806546914,2.0004688476830990
577.5853677516563494,2.0004602636818962
577.5879440226580073,2.0004516793894052
577.5905202936596652,2.0004430948954268
577.5930965646613231,2.0004345104677390
577.5956728356629810,2.0004259260970692
577.5982491066646389,2.0004173416133195
577.6029092103710809,2.0004018132709396
577.6075693140775229,2.0003862846888185
577.6122294177839649,2.0003707559995174
577.6168895214904069,2.0003552271373444
577.6215496251968489,2.0003396980351025
577.6508136239023088,2.0002421756378319
577.6726554802894498,2.0001693817559247
577.6944973366765907,2.0000965842269096
577.7163391930637317,2.0000237821245430
577.7381810494508727,1.9999509754904059
577.7818647622251547,1.9998053489978551
577.8255484749994366,1.9996597048298519
577.8692321877737186,1.9995140429774183
578.3060693155164245,1.9980555622615743
578.7429064432591304,1.9965953007692241
581.0091554570943799,1.9889953309528488
583.2754044709296295,1.9813462504014707
585.5416534847648791,1.9736470850303893
590.2429992536814325,1.9575111742308811
594.9443450225979859,1.9411454535753989
599.6456907915145393,1.9245384540192081
604.3470365604310928,1.9076781863719523
612.3470365604310928,1.8783677201760363
620.3470365604310928,1.8482130861062027
626.9033368073181691,1.8228132339467022
633.4596370542052455,1.7967367935158072
640.0159373010923218,1.7699212221779290
646.5722375479793982,1.7422936243937250
651.8066529827625573,1.7195973466769208
657.0410684175457163,1.6962784717065580
662.2754838523288754,1.6722775317025453
667.5098992871120345,1.6475249468161344
671.6661877577926134,1.6272820961934853
675.8224762284731924,1.6064657819449166
679.9787646991537713,1.5850193542410631
684.1350531698343502,1.5628761995617420
687.4145288125173465,1.5448620682930052
690.6940044552003428,1.5263196082330763
693.9734800978833391,1.5071947570777560
697.2529557405663354,1.4874236021732037
699.8233663114788214,1.4714272699109876
702.3937768823913075,1.4549439232114978
704.9641874533037935,1.4379218441923913
707.1044744930107981,1.4232938418736436
709.2447615327178028,1.4082082335859103
711.3850485724248074,1.3926152047796074
713.1614565240980710,1.3792462323236789
714.9378644757713346,1.3654468052769353
716.7142724274445982,1.3511687465579072
718.1840804116544632,1.3389529823309845
719.6538883958643282,1.3263313961462713
721.1236963800741933,1.3132571851284227
722.3342174636575237,1.3021106010579742
723.5447385472408541,1.2905814000479507
724.7552596308241846,1.2786240529473754
725.7472365801472733,1.2684686241863332
726.7392135294703621,1.2579524926536134
727.7311904787934509,1.2470313133255855
728.5396604025129363,1.2377943877462347
729.3481303262324218,1.2282174950763189
730.1566002499519072,1.2182573921895661
730.8116419072061944,1.2098710703892319
731.4666835644604816,1.2011644232289909
732.1217252217147688,1.1920952313912092
732.6427489504496862,1.1845891059289007
733.1637726791846035,1.1767889569088630
733.6847964079195208,1.1686551430548568
734.0778206682737164,1.1622701174721397
734.4708449286279119,1.1556419860529210
734.8638691889821075,1.1487391101251494
735.1603081312765653,1.1433281399518445
735.4567470735710231,1.1377189083280548
735.7531860158654808,1.1318868122234769
735.9811670651118902,1.1272317895264548
736.2091481143582996,1.1224111335177378
736.4371291636047090,1.1174050603817540
736.6151714604593508,1.1133516924002309
736.7932137573139926,1.1091572569660582
736.9712560541686344,1.1048054103059943
737.1114956869779462,1.1012542773119565
737.2517353197872580,1.0975820502961915
737.3919749525965699,1.0937750992033370
737.5032265912254843,1.0906487469237325
737.6144782298543987,1.0874178728767956
737.7257298684833131,1.0840710479673821
737.8146492711582596,1.0813038102457131
737.9035686738332060,1.0784457665576146
737.9924880765081525,1.0754872688506725
738.0640879499070479,1.0730244564181506
738.1356878233059433,1.0704822288482945
738.2072876967048387,1.0678523871071190
738.2653684730510122,1.0656482583690572
738.3234492493971857,1.0633742068164647
738.3815300257433591,1.0610232189434334
738.4290039056456862,1.0590388389440457
738.4764777855480133,1.0569924395577708
738.5239516654503404,1.0548779777162975
738.5630626712945741,1.0530799926854153
738.6021736771388078,1.0512265512846901
738.6412846829830414,1.0493124037539576
738.6737663131364116,1.0476722917248114
738.7062479432897817,1.0459821603135624
738.7387295734431518,1.0442374079568104
738.7712112035965220,1.0424327330991654
738.7967269762110618,1.0409691509967804
738.8222427488256017,1.0394614223246643
738.8477585214401415,1.0379056298453764
738.8732742940546814,1.0362972938756947
738.8936041328212241,1.0349748696806580
738.9139339715877668,1.0336128807065617
738.9342638103543095,1.0322079459134448
738.9545936491208522,1.0307562239916372
738.9710166892435836,1.0295463767857864
738.9874397293663151,1.0283005404813192
739.0038627694890465,1.0270157528956525
739.0202858096117779,1.0256886695793708
739.0337315674651109,1.0245680729057749
739.0471773253184438,1.0234142599953879
739.0606230831717767,1.0222245962872134
739.0740688410251096,1.0209961246375783
739.0889105593037129,1.0195910859640802
739.1037522775823163,1.0181296576147798
739.1185939958609197,1.0166058737899755
739.1334357141395230,1.0150128141474903
739.1482774324181264,1.0133424032439129
739.1631191506967298,1.0115851112729044
739.1750373635934466,1.0101034900899897
739.1869555764901634,1.0085516519429489
739.1988737893868802,1.0069214994461113
739.2107920022835970,1.0052035203686180
739.2202654108345996,1.0037679153288241
739.2297388193856023,1.0022631496951369
739.2392122279366049,1.0006815543402861
739.2486856364876076,0.9990141964127328
739.2562911246302519,0.9976065344669399
739.2638966127728963,0.9961306096578258
739.2715021009155407,0.9945791936389973
739.2791075890581851,0.9929439400451128
739.2853091052849095,0.9915418360296888
739.2915106215116339,0.9900715423997074
739.2977121377383583,0.9885261586718915
739.3039136539650826,0.9868977786497565
739.3090436668660459,0.9854815976699333
739.3141736797670092,0.9839965429336843
739.3193036926679724,0.9824359395115131
739.3244337055689357,0.9807921915344249
739.3295637184698990,0.9790566155232967
739.3336712551601977,0.9775941148362127
739.3377787918504964,0.9760605678668394
739.3418863285407951,0.9744494173343194
739.3459938652310939,0.9727532558148528
739.3501014019213926,0.9709636814111555
739.3534372056528809,0.9694350543578470
739.3567730093843693,0.9678327544811506
739.3601088131158576,0.9661503035199668
739.3634446168473460,0.9643804303590706
739.3667804205788343,0.9625149446627701
739.3695335479723099,0.9608967681934456
739.3722866753657854,0.9592013459039086
739.3750398027592610,0.9574221730109108
739.3777929301527365,0.9555519877282946
739.3805460575462121,0.9535826570839604
739.3832991849396876,0.9515050408822779
739.3855237132343063,0.9497402378401300
739.3877482415289251,0.9478919665815606
739.3899727698235438,0.9459534910853916
739.3921972981181625,0.9439173298026932
739.3944218264127812,0.9417751487953429
739.3966463547074000,0.9395176354803351
739.3984675400582773,0.9375763336376985
739.4002887254091547,0.9355443973023683
739.4021099107600321,0.9334147967337907
739.4039310961109095,0.9311797583519645
739.4057522814617869,0.9288306632028236
739.4075734668126643,0.9263579278869700
739.4090866196681873,0.9242017638260305
739.4105997725237103,0.9219461137813817
739.4121129253792333,0.9195835132486316
739.4136260782347563,0.9171057368398247
739.4151392310902793,0.9145036986116578
739.4166523839458023,0.9117673358927626
739.4181655368013253,0.9088854748786723
739.4194030536398259,0.9064117866649886
739.4206405704783265,0.9038249757611131
739.4218780873168271,0.9011167962311025
739.4231156041553277,0.8982781895047007
739.4243531209938283,0.8952991816107307
739.4255906378323289,0.8921687639867056
739.4268281546708295,0.8888747564708790
739.4278522037434414,0.8860156872734019
739.4288762528160532,0.8830269515684747
739.4299003018886651,0.8798993248173037
739.4309243509612770,0.8766226987301105
739.4319484000338889,0.8731859730570642
739.4329724491065008,0.8695769306723488
739.4339964981791127,0.8657820946153675
739.4350205472517246,0.8617865636648562
739.4358564731018078,0.8583648312795528
739.4366923989518909,0.8547885275137732
739.4375283248019741,0.8510468631315974
739.4383642506520573,0.8471280399204699
739.4392001765021405,0.8430191304442948
739.4400361023522237,0.8387059397298232
739.4407850880198794,0.8346550838120735
739.4415340736875351,0.8304153884528093
739.4422830593551907,0.8259733861387364
739.4430320450228464,0.8213143135083207
739.4437810306905021,0.8164219645142172
739.4445304648672845,0.8112753540205443
739.4452798990440670,0.8058576541139302
739.4460293332208494,0.8001471152965111
739.4467787673976318,0.7941196528555072
739.4475282015744142,0.7877485319935228
739.4485424647381251,0.7785252701866300
739.4495567279018360,0.7685336180486060
739.4505709910655469,0.7576755520633842
739.4515852542292578,0.7458362558471464
739.4525995173929687,0.7328803850073844
739.4536137805566796,0.7186474308754657
739.4546280437203905,0.7029458320254902
739.4556423068841013,0.6855453974789562
739.4566565700478122,0.6661675137743449
739.4576708332115231,0.6444723768039706
739.4585021457176026,0.6246728244834349
739.4593334582236821,0.6027587893073739
739.4601647707297616,0.5783957006436614
739.4609960832358411,0.5511798603353886
739.4618273957419206,0.5206213165859220
739.4626587082480000,0.4861220479862389
739.4634900207540795,0.4469482383112700
739.4643213332601590,0.4021954047185651
739.4651526457662385,0.3507452918243204
739.4659291119080535,0.2954230340514806
739.4665285955475156,0.2470277362099809
739.4671280791869776,0.1928652819632073
739.4676079865482734,0.1447755286215348
739.4680878939095692,0.0919486781424843
739.4685678012708649,0.0338493124077223
739.4690477086321607,-0.0300923849439685
739.4694436842574987,-0.0876669047536770
739.4698396598828367,-0.1499448001245721
739.4702356355081747,-0.2172303079908713
739.4706316111335127,-0.2897825744082106
739.4710275867588507,-0.3677845896841041
739.4714235623841887,-0.4513038636245423
739.4718785117299831,-0.5539398774447896
739.4722013501968831,-0.6308536396825951
739.4725241886637832,-0.7108072920138295
739.4728470271306833,-0.7933472878507321
739.4731698655975833,-0.8778769681618862
739.4734927040644834,-0.9636589291151859
739.4738155425313835,-1.0498294474538172
739.4741383809982835,-1.1354277006939977
739.4744612194651836,-1.2194389180655032
739.4747185900363320,-1.2845974424768511
739.4749759606074804,-1.3476120243095313
739.4752333311786288,-1.4080359078207649
739.4754907017497771,-1.4654820291483568
739.4757480723209255,-1.5196357939387826
739.4760054428920739,-1.5702635015620110
739.4762969699381756,-1.6231659252675805
739.4765884969842773,-1.6712650977777592
739.4768313795671020,-1.7076919476480612
739.4770742621499267,-1.7408836253150013
739.4773171447327513,-1.7709598185611910
739.4775600273155760,-1.7980734198836026
739.4778029098984007,-1.8224015441080132
739.4780457924812254,-1.8441370660004528
739.4782886750640500,-1.8634811438547900
739.4785315576468747,-1.8806369257722173
739.4787744402296994,-1.8958044720424834
739.4791084046617016,-1.9137666185513416
739.4793703637317321,-1.9257868019060462
739.4796323228017627,-1.9362171680442963
739.4798942818717933,-1.9452487713135307
739.4801562409418239,-1.9530547950577084
739.4804182000118544,-1.9597907539793920
739.4806801590818850,-1.9655952668951944
739.4809421181519156,-1.9705911302469405
739.4812040772219461,-1.9748865393781536
739.4814660362919767,-1.9785763956154041
739.4817754529921103,-1.9822672838007080
739.4820151914698272,-1.9847007968550883
739.4822549299475440,-1.9868143645704186
739.4824946684252609,-1.9886492923720083
739.4827344069029778,-1.9902417410786828
739.4829741453806946,-1.9916233183069501
739.4832297382291699,-1.9928949873938224
739.4834853310776452,-1.9939873186700270
739.4837409239261206,-1.9949253920818257
739.4839965167745959,-1.9957308113156123
739.4842521096230712,-1.9964222039447661
739.4845077024715465,-1.9970156124782019
739.4848390806237148,-1.9976614471836056
739.4851704587758832,-1.9981909693391027
739.4855018369280515,-1.9986250229729117
739.4858332150802198,-1.9989807438708611
739.4861645932323881,-1.9992722065111126
739.4864959713845565,-1.9995109631837729
739.4868273495367248,-1.9997064968406835
739.4872448613766664,-1.9999032120912044
739.4876623732166081,-2.0000560325364805
739.4880798850565498,-2.0001746784960641
739.4884973968964914,-2.0002667196139527
739.4889149087364331,-2.0003380500266408
739.4893324205763747,-2.0003932595074247
739.4897499324163164,-2.0004359207929077
739.4901664430987012,-2.0004687462603141
739.4905829537810860,-2.0004940021558744
739.4909994644634708,-2.0005133629804881
739.4914159751458556,-2.0005281329839075
739.4918324858282404,-2.0005393278720285
739.4922489965106251,-2.0005477386333439
739.4926655071930099,-2.0005539813013944
739.4930820178753947,-2.0005585355875479
739.4934985285577795,-2.0005617750741491
739.4939150392401643,-2.0005639906906145
739.4944191484893281,-2.0005656231890603
739.4949232577384919,-2.0005663904943756
739.4954273669876557,-2.0005665187301935
739.4959314762368194,-2.0005661749170325
739.4964355854859832,-2.0005654822281116
739.4969396947351470,-2.0005645317939225
739.4975225879921936,-2.0005631988148522
739.4981054812492403,-2.0005616860273649
739.4986883745062869,-2.0005600464692348
739.4992712677633335,-2.0005583175572110
739.4995467413081087,-2.0005574772858128
739.4998222148528839,-2.0005566251944971
739.5000976883976591,-2.0005557630794701
739.5003731619424343,-2.0005548924688719
739.5006486354872095,-2.0005540146613607
739.5009241090319847,-2.0005531307556472
739.5014750561214214,-2.0005513482207924
739.5020260032108581,-2.0005495507111428
739.5025769503002948,-2.0005477424436369
739.5031278973897315,-2.0005459264650334
739.5036788444791682,-2.0005441049574357
739.5042297915686049,-2.0005422794731018
739.5052781913922217,-2.0005387984293850
739.5063265912158386,-2.0005353116242675
739.5073749910394554,-2.0005318218717778
739.5084233908630722,-2.0005283306660959
739.5094717906866890,-2.0005248386566392
739.5105201905103058,-2.0005213461247457
739.5134778460289908,-2.0005114907671784
739.5138829629487418,-2.0005101413171569
739.5142880798684928,-2.0005087918014621
739.5146931967882438,-2.0005074421548583
739.5150983137079947,-2.0005060924493363
739.5155034306277457,-2.0005047427488263
739.5159085475474967,-2.0005033930459777
739.5167187813869987,-2.0005006937357530
739.5175290152265006,-2.0004979943109507
739.5183392490660026,-2.0004952946694070
739.5191494829055046,-2.0004925949168686
739.5199597167450065,-2.0004898951765702
739.5227153665880451,-2.0004807130187316
739.5254710164310836,-2.0004715312404908
739.5282266662741222,-2.0004623495638572
739.5309823161171607,-2.0004531677329576
739.5405593103016599,-2.0004212565102235
739.5501363044861591,-2.0003893439171736
739.5597132986706583,-2.0003574305476599
739.5692902928551575,-2.0003255164644389
739.6010019840215364,-2.0002198353244633
739.6327136751879152,-2.0001141449017483
739.6644253663542941,-2.0000084451539104
739.9815422780185372,-1.9989504682725856
740.2986591896827804,-1.9978915558816055
741.2954620500916008,-1.9945583899027710
742.2922649105004211,-1.9912158787633434
743.2890677709092415,-1.9878639425669893
747.2968734314589483,-1.9742889784770026
751.3046790920086551,-1.9605538295843330
755.3124847525583618,-1.9466525274614963
760.6432290660027320,-1.9278958682610732
765.9739733794471022,-1.9088179496200399
771.3047176928914723,-1.8893988558913182
776.6354620063358425,-1.8696178128007426
784.6354620063358425,-1.8392010892109314
791.2308373362927796,-1.8134109847628574
797.8262126662497167,-1.7869141927536609
800.0000000000000000,-1.7780157421047218
