"time","Output(1,1)","Output(1,2)","Output(1,3)","Output(2,1)","Output(2,2)","Output(2,3)","Output(3,1)","Output(3,2)","Output(3,3)"
0.0000000000000000,1.0000000000000000,2.0000000000000000,3.0000000000000000,4.0000000000000000,5.0000000000000000,6.0000000000000000,7.0000000000000000,8.0000000000000000,9.0000000000000000
0.0100000000000000,1.0099998333341667,2.0199996666683333,3.0299995000025000,4.0399993333366666,5.0499991666708333,6.0599990000049999,7.0699988333391666,8.0799986666733332,9.0899985000074999
0.0200000000000000,1.0199986666933332,2.0399973333866663,3.0599960000799991,4.0799946667733327,5.0999933334666654,6.1199920001599981,7.1399906668533317,8.1599893335466653,9.1799880002399981
0.0300000000000000,1.0299955002024956,2.0599910004049913,3.0899865006074871,4.1199820008099826,5.1499775010124784,6.1799730012149743,7.2099685014174693,8.2399640016199651,9.2699595018224610
0.0400000000000000,1.0399893341866342,2.0799786683732684,3.1199680025599026,4.1599573367465368,5.1999466709331710,6.2399360051198052,7.2799253393064394,8.3199146734930736,9.3599040076797078
0.0500000000000000,1.0499791692706784,2.0999583385413567,3.1499375078120351,4.1999166770827134,5.2498958463533913,6.2998750156240702,7.3498541848947481,8.3998333541654269,9.4498125234361048
0.0600000000000000,1.0599640064794447,2.1199280129588893,3.1798920194383338,4.2398560259177787,5.2998200323972231,6.3597840388766675,7.4197480453561120,8.4797120518355573,9.5396760583150009
0.0700000000000000,1.0699428473375328,2.1398856946750655,3.2098285420125983,4.2797713893501310,5.3497142366876638,6.4196570840251965,7.4895999313627293,8.5595427787002620,9.6294856260377948
0.0800000000000000,1.0799146939691726,2.1598293879383452,3.2397440819075181,4.3196587758766904,5.3995734698458637,6.4794881638150361,7.5594028577842085,8.6393175517533809,9.7192322457225551
0.0900000000000000,1.0898785491980110,2.1797570983960219,3.2696356475940331,4.3595141967920439,5.4493927459900551,6.5392712951880663,7.6291498443860775,8.7190283935840878,9.8089069427820998
0.1000000000000000,1.0998334166468282,2.1996668332936564,3.2995002499404844,4.3993336665873128,5.4991670832341404,6.5990004998809688,7.6988339165277972,8.7986673331746257,9.8985007498214532
0.1100000000000000,1.1097783008371749,2.2195566016743498,3.3293349025115244,4.4391132033486995,5.5488915041858737,6.6586698050230488,7.7684481058602239,8.8782264066973990,9.9880047075345733
0.1200000000000000,1.1197122072889194,2.2394244145778388,3.3591366218667580,4.4788488291556776,5.5985610364445968,6.7182732437335160,7.8379854510224352,8.9576976583113552,10.0774098656002735
0.1300000000000000,1.1296341426196947,2.2592682852393895,3.3889024278590845,4.5185365704787790,5.6481707130984740,6.7778048557181689,7.9074389983378639,9.0370731409575580,10.1667072835772530
0.1400000000000000,1.1395431146442365,2.2790862292884730,3.4186293439327096,4.5581724585769461,5.6977155732211822,6.8372586878654191,7.9768018025096552,9.1163449171538922,10.2558880317981291
0.1500000000000000,1.1494381324735992,2.2988762649471983,3.4483143974207975,4.5977525298943966,5.7471906623679958,6.8966287948415950,8.0460669273151950,9.1955050597887933,10.3449431922623933
0.1600000000000000,1.1593182066142460,2.3186364132284920,3.4779546198427380,4.6372728264569840,5.7965910330712296,6.9559092396854760,8.1152274462997216,9.2745456529139680,10.4338638595282145
0.1700000000000000,1.1691823490669959,2.3383646981339918,3.5075470472009882,4.6767293962679837,5.8459117453349805,7.0150940944019764,8.1842764434689723,9.3534587925359673,10.5226411416029642
0.1800000000000000,1.1790295734258243,2.3580591468516485,3.5370887202774726,4.7161182937032970,5.8951478671291211,7.0741774405549451,8.2532070139807701,9.4322365874065941,10.6112661608324181
0.1900000000000000,1.1888588949765007,2.3777177899530013,3.5665766849295020,4.7554355799060026,5.9442944748825033,7.1331533698590039,8.3220122648355037,9.5108711598120053,10.6997300547885050
0.2000000000000000,1.1986693307950613,2.3973386615901227,3.5960079923851840,4.7946773231802453,5.9933466539753066,7.1920159847703680,8.3906853155654293,9.5893546463604906,10.7880239771555519
0.2100000000000000,1.2084598998460996,2.4169197996921992,3.6253796995382990,4.8338395993843983,6.0422994992304986,7.2507593990765979,8.4592192989226973,9.6676791987687967,10.8761390986148960
0.2200000000000001,1.2182296230808694,2.4364592461617387,3.6546888692426083,4.8729184923234774,6.0911481154043470,7.3093777384852165,8.5276073615660852,9.7458369846469548,10.9640666077278244
0.2300000000000001,1.2279775235351884,2.4559550470703768,3.6839325706055654,4.9119100941407536,6.1398876176759423,7.3678651412111309,8.5958426647463195,9.8238201882815073,11.0517977118166968
0.2400000000000001,1.2377026264271347,2.4754052528542694,3.7131078792814041,4.9508105057085388,6.1885131321356734,7.4262157585628081,8.6639183849899428,9.9016210114170775,11.1393236378442122
0.2500000000000001,1.2474039592545230,2.4948079185090459,3.7422118777635691,4.9896158370180919,6.2370197962726150,7.4844237555271382,8.7318277147816605,9.9792316740361837,11.2266356332907069
0.2600000000000001,1.2570805518921553,2.5141611037843106,3.7712416556764654,5.0283222075686211,6.2854027594607764,7.5424833113529308,8.7995638632450870,10.0566444151372423,11.3137249670293976
0.2700000000000001,1.2667314366888311,2.5334628733776623,3.8001943100664937,5.0669257467553246,6.3336571834441564,7.6003886201329873,8.8671200568218183,10.1338514935106492,11.4005829301994801
0.2800000000000001,1.2763556485641139,2.5527112971282278,3.8290669456923414,5.1054225942564555,6.3817782428205696,7.6581338913846828,8.9344895399487960,10.2108451885129110,11.4872008370770242
0.2900000000000001,1.2859522251048356,2.5719044502096713,3.8578566753145069,5.1438089004193426,6.4297611255241787,7.7157133506290139,9.0016655757338491,10.2876178008386852,11.5735700259435212
0.3000000000000001,1.2955202066613396,2.5910404133226792,3.8865606199840190,5.1820808266453584,6.4776010333066978,7.7731212399680381,9.0686414466293783,10.3641616532907168,11.6596818599520571
0.3100000000000001,1.3050586364434436,2.6101172728868871,3.9151759093303307,5.2202345457737742,6.5252931822172178,7.8303518186606613,9.1354104551041058,10.4404690915475484,11.7455277279909929
0.3200000000000001,1.3145665606161179,2.6291331212322357,3.9436996818483534,5.2582662424644715,6.5728328030805896,7.8873993636967068,9.2019659243128249,10.5165324849289430,11.8310990455450611
0.3300000000000001,1.3240430283948685,2.6480860567897371,3.9721290851846054,5.2961721135794741,6.6202151419743425,7.9442581703692108,9.2683011987640800,10.5923442271589483,11.9163872555538166
0.3400000000000001,1.3334870921408144,2.6669741842816288,4.0004612764224436,5.3339483685632576,6.6674354607040724,8.0009225528448873,9.3344096449857012,10.6678967371265152,12.0013838292673309
0.3500000000000001,1.3428978074554516,2.6857956149109032,4.0286934223663540,5.3715912298218065,6.7144890372772572,8.0573868447327079,9.4002846521881605,10.7431824596436130,12.0860802670990637
0.3600000000000002,1.3522742332750901,2.7045484665501802,4.0568226998252701,5.4090969331003604,6.7613711663754508,8.1136453996505402,9.4659196329256297,10.8181938662007209,12.1704680994758121
0.3700000000000002,1.3616154319649620,2.7232308639299241,4.0848462958948861,5.4464617278598482,6.8080771598248102,8.1696925917897723,9.5313080237547361,10.8929234557196963,12.2545388876846602
0.3800000000000002,1.3709204694129828,2.7418409388259657,4.1127614082389483,5.4836818776519314,6.8546023470649144,8.2255228164778966,9.5964432858908797,10.9673637553038628,12.3382842247168458
0.3900000000000002,1.3801884151231616,2.7603768302463232,4.1405652453694852,5.5207536604926464,6.9009420756158075,8.2811304907389705,9.6613189058621316,11.0415073209852928,12.4216957361084539
0.4000000000000002,1.3894183423086508,2.7788366846173016,4.1682550269259515,5.5576733692346032,6.9470917115432531,8.3365100538519030,9.7259283961605547,11.1153467384692064,12.5047650807778563
0.4100000000000002,1.3986093279844232,2.7972186559688463,4.1958279839532686,5.5944373119376927,6.9930466399221149,8.3916559679065372,9.7902652958909613,11.1888746238753853,12.5874839518598076
0.4200000000000002,1.4077604530595704,2.8155209061191409,4.2232813591787108,5.6310418122382817,7.0388022652978517,8.4465627183574217,9.8543231714169934,11.2620836244765634,12.6698440775361334
0.4300000000000002,1.4168708024292109,2.8337416048584219,4.2506124072876332,5.6674832097168437,7.0843540121460551,8.5012248145752665,9.9180956170044769,11.3349664194336874,12.7518372218628997
0.4400000000000002,1.4259394650659998,2.8518789301319996,4.2778183951979996,5.7037578602639991,7.1296973253299996,8.5556367903959991,9.9815762554619987,11.4075157205279982,12.8334551855939978
0.4500000000000002,1.4349655341112304,2.8699310682224608,4.3048966023336916,5.7398621364449216,7.1748276705561516,8.6097932046673833,10.0447587387786132,11.4797242728898432,12.9146898070010732
0.4600000000000002,1.4439481069655200,2.8878962139310400,4.3318443208965602,5.7757924278620800,7.2197405348275998,8.6636886417931205,10.1076367487586403,11.5515848557241601,12.9955329626896798
0.4700000000000003,1.4528862853790685,2.9057725707581370,4.3586588561372057,5.8115451415162740,7.2644314268953423,8.7173177122744114,10.1702039976534806,11.6230902830325480,13.0759765684116154
0.4800000000000003,1.4617791755414831,2.9235583510829661,4.3853375266244496,5.8471167021659323,7.3088958777074158,8.7706750532488993,10.2324542287903810,11.6942334043318645,13.1560125798733480
0.4900000000000003,1.4706258881711582,2.9412517763423165,4.4118776645134750,5.8825035526846330,7.3531294408557910,8.8237553290269499,10.2943812171981079,11.7650071053692660,13.2356329935404240
0.5000000000000002,1.4794255386042032,2.9588510772084065,4.4382766158126099,5.9177021544168129,7.3971276930210159,8.8765532316252198,10.3559787702294219,11.8354043088336258,13.3148298474378279
0.5100000000000002,1.4881772468829078,2.9763544937658155,4.4645317406487228,5.9527089875316310,7.4408862344145383,8.9290634812974456,10.4172407281803530,11.9054179750632620,13.3935952219461694
0.5200000000000002,1.4968801378437369,2.9937602756874737,4.4906404135312110,5.9875205513749474,7.4844006892186847,8.9812808270624220,10.4781609649061593,11.9750411027498949,13.4719212405936322
0.5300000000000002,1.5055333412048473,3.0110666824096946,4.5166000236145418,6.0221333648193891,7.5276667060242364,9.0332000472290837,10.5387333884339292,12.0442667296387782,13.5498000708436237
0.5400000000000003,1.5141359916531134,3.0282719833062268,4.5424079749593398,6.0565439666124536,7.5706799582655666,9.0848159499186796,10.5989519415717925,12.1130879332249073,13.6272239248780203
0.5500000000000003,1.5226872289306594,3.0453744578613189,4.5680616867919781,6.0907489157226378,7.6134361446532974,9.1361233735839562,10.6588106025146168,12.1814978314452755,13.7041850603759343
0.5600000000000003,1.5311861979208836,3.0623723958417672,4.5935585937626513,6.1247447916835345,7.6559309896044176,9.1871171875253026,10.7183033854461858,12.2494895833670689,13.7806757812879521
0.5700000000000003,1.5396320487339694,3.0792640974679388,4.6188961462019087,6.1585281949358777,7.6981602436698475,9.2377922924038174,10.7774243411377864,12.3170563898717553,13.8566884386057261
0.5800000000000003,1.5480239367918738,3.0960478735837476,4.6440718103756211,6.1920957471674951,7.7401196839593691,9.2881436207512422,10.8361675575431171,12.3841914943349902,13.9322154311268633
0.5900000000000003,1.5563610229127840,3.1127220458255680,4.6690830687383524,6.2254440916511360,7.7818051145639195,9.3381661374767049,10.8945271603894884,12.4508881833022720,14.0072492062150555
0.6000000000000003,1.5646424733950357,3.1292849467900714,4.6939274201851067,6.2585698935801428,7.8232123669751781,9.3878548403702133,10.9524973137652495,12.5171397871602856,14.0817822605553200
0.6100000000000003,1.5728674601004815,3.1457349202009630,4.7186023803014443,6.2914698404019260,7.8643373005024078,9.4372047606028886,11.0100722207033712,12.5829396808038521,14.1558071409043329
0.6200000000000003,1.5810351605373052,3.1620703210746104,4.7431054816119165,6.3241406421492208,7.9051758026865269,9.4862109632238329,11.0672461237611373,12.6482812842984416,14.2293164448357476
0.6300000000000003,1.5891447579422697,3.1782895158845395,4.7674342738268090,6.3565790317690789,7.9457237897113489,9.5348685476536179,11.1240133055958879,12.7131580635381578,14.3023028214804278
0.6400000000000003,1.5971954413623923,3.1943908827247847,4.7915863240871772,6.3887817654495693,7.9859772068119614,9.5831726481743544,11.1803680895367457,12.7775635308991387,14.3747589722615317
0.6500000000000004,1.6051864057360399,3.2103728114720798,4.8155592172081194,6.4207456229441595,8.0259320286801987,9.6311184344162388,11.2363048401522789,12.8414912458883190,14.4466776516243591
0.6600000000000004,1.6131168519734342,3.2262337039468685,4.8393505559203023,6.4524674078937370,8.0655842598671708,9.6787011118406046,11.2918179638140401,12.9049348157874739,14.5180516677609077
0.6700000000000004,1.6209859870365599,3.2419719740731199,4.8629579611096796,6.4839439481462398,8.1049299351827990,9.7259159222193592,11.3469019092559193,12.9678878962924795,14.5888738833290397
0.6800000000000004,1.6287930240184689,3.2575860480369379,4.8863790720554068,6.5151720960738757,8.1439651200923446,9.7727581441108136,11.4015511681292807,13.0303441921477514,14.6591372161662186
0.6900000000000004,1.6365371822219683,3.2730743644439366,4.9096115466659045,6.5461487288878732,8.1826859111098411,9.8192230933318090,11.4557602755537786,13.0922974577757465,14.7288346399977144
0.7000000000000004,1.6442176872376915,3.2884353744753829,4.9326530617130739,6.5768707489507658,8.2210884361884560,9.8653061234261479,11.5095238106638398,13.1537414979015317,14.7979591851392218
0.7100000000000004,1.6518337710215369,3.3036675420430739,4.9555013130646106,6.6073350840861478,8.2591688551076849,9.9110026261292212,11.5628363971507575,13.2146701681722956,14.8665039391938336
0.7200000000000004,1.6593846719714733,3.3187693439429466,4.9781540159144200,6.6375386878858933,8.2969233598573666,9.9563080318288399,11.6156927038003133,13.2750773757717866,14.9344620477432599
0.7300000000000004,1.6668696350036982,3.3337392700073964,5.0006089050110951,6.6674785400147929,8.3343481750184907,10.0012178100221902,11.6680874450258880,13.3349570800295858,15.0018267150332836
0.7400000000000004,1.6742879116281455,3.3485758232562910,5.0228637348844360,6.6971516465125820,8.3714395581407270,10.0457274697688721,11.7200153813970189,13.3943032930251640,15.0685912046533090
0.7500000000000004,1.6816387600233345,3.3632775200466689,5.0449162800700034,6.7265550400933378,8.4081938001166723,10.0898325601400067,11.7714713201633412,13.4531100801866756,15.1347488402100101
0.7600000000000005,1.6889214451105516,3.3778428902211033,5.0667643353316549,6.7556857804422066,8.4446072255527582,10.1335286706633099,11.8224501157738615,13.5113715608844132,15.2002930059949648
0.7700000000000005,1.6961352386273569,3.3922704772547139,5.0884057158820717,6.7845409545094277,8.4806761931367856,10.1768114317641434,11.8729466703914994,13.5690819090188555,15.2652171476462133
0.7800000000000005,1.7032794192004106,3.4065588384008212,5.1098382576012309,6.8131176768016424,8.5163970960020521,10.2196765152024618,11.9229559344028733,13.6262353536032848,15.3295147728036945
0.7900000000000005,1.7103532724176080,3.4207065448352161,5.1310598172528241,6.8414130896704322,8.5517663620880402,10.2621196345056482,11.9724729069232581,13.6828261793408643,15.3931794517584741
0.8000000000000005,1.7173560908995231,3.4347121817990462,5.1520682726985694,6.8694243635980925,8.5867804544976156,10.3041365453971387,12.0214926362966619,13.7388487271961850,15.4562048180957081
0.8100000000000005,1.7242871743701429,3.4485743487402858,5.1728615231104289,6.8971486974805716,8.6214358718507142,10.3457230462208578,12.0700102205910014,13.7942973949611432,15.5185845693312849
0.8200000000000005,1.7311458297268962,3.4622916594537925,5.1934374891806883,6.9245833189075849,8.6557291486344816,10.3868749783613765,12.1180208080882732,13.8491666378151699,15.5803124675420666
0.8300000000000005,1.7379313711099631,3.4758627422199262,5.2137941133298895,6.9517254844398524,8.6896568555498153,10.4275882266597790,12.1655195977697410,13.9034509688797048,15.6413823399896685
0.8400000000000005,1.7446431199708596,3.4892862399417193,5.2339293599125787,6.9785724798834385,8.7232155998542993,10.4678587198251574,12.2125018397960172,13.9571449597668771,15.7017880797377369
0.8500000000000005,1.7512804051402930,3.5025608102805861,5.2538412154208789,7.0051216205611722,8.7564020257014654,10.5076824308417578,12.2589628359820502,14.0102432411223443,15.7615236462626385
0.8600000000000005,1.7578425628952772,3.5156851257905544,5.2735276886858315,7.0313702515811087,8.7892128144763859,10.5470553773716631,12.3048979402669403,14.0627405031622175,15.8205830660574946
0.8700000000000006,1.7643289370255055,3.5286578740510111,5.2929868110765161,7.0573157481020221,8.8216446851275272,10.5859736221530323,12.3503025591785374,14.1146314962040442,15.8789604332295475
0.8800000000000006,1.7707388788989697,3.5414777577979395,5.3122166366969088,7.0829555155958790,8.8536943944948483,10.6244332733938176,12.3951721522927869,14.1659110311917580,15.9366499100907255
0.8900000000000006,1.7770717475268243,3.5541434950536486,5.3312152425804724,7.1082869901072971,8.8853587376341210,10.6624304851609448,12.4395022326877687,14.2165739802145943,15.9936457277414164
0.9000000000000006,1.7833269096274837,3.5666538192549675,5.3499807288824517,7.1333076385099350,8.9166345481374183,10.6999614577649034,12.4832883673923867,14.2666152770198700,16.0499421866473533
0.9100000000000006,1.7895037396899509,3.5790074793799018,5.3685112190698518,7.1580149587598036,8.9475186984497537,10.7370224381397037,12.5265261778296555,14.3160299175196073,16.1055336572095555
0.9200000000000006,1.7956016200363663,3.5912032400727325,5.3868048601090992,7.1824064801454650,8.9780081001818317,10.7736097202181984,12.5692113402545651,14.3648129602909300,16.1604145803272985
0.9300000000000006,1.8016199408837776,3.6032398817675553,5.4048598226513320,7.2064797635351105,9.0080997044188873,10.8097196453026640,12.6113395861864426,14.4129595270702211,16.2145794679539961
0.9400000000000006,1.8075581004051147,3.6151162008102293,5.4226743012153440,7.2302324016204587,9.0377905020255724,10.8453486024306880,12.6529067028358035,14.4604648032409173,16.2680229036460311
0.9500000000000006,1.8134155047893741,3.6268310095787482,5.4402465143681225,7.2536620191574963,9.0670775239468711,10.8804930287362449,12.6939085335256188,14.5073240383149926,16.3207395431043665
0.9600000000000006,1.8191915683009987,3.6383831366019974,5.4575747049029957,7.2767662732039948,9.0959578415049940,10.9151494098059914,12.7343409781069905,14.5535325464079897,16.3727241147089870
0.9700000000000006,1.8248857133384504,3.6497714266769008,5.4746571400153510,7.2995428533538016,9.1244285666922522,10.9493142800307020,12.7741999933691517,14.5990857067076032,16.4239714200460547
0.9800000000000006,1.8304973704919707,3.6609947409839414,5.4914921114759121,7.3219894819678828,9.1524868524598553,10.9829842229518242,12.8134815934437967,14.6439789639357656,16.4744763344277381
0.9900000000000007,1.8360259786005209,3.6720519572010417,5.5080779358015626,7.3441039144020834,9.1801298930026043,11.0161558716031251,12.8521818502036460,14.6882078288041669,16.5242338074046877
1.0000000000000007,1.8414709848078967,3.6829419696157935,5.5244129544236902,7.3658839392315869,9.2073549240394854,11.0488259088473804,12.8902968936552789,14.7317678784631738,16.5732388632710723
1.0100000000000007,1.8468318446180154,3.6936636892360308,5.5404955338540471,7.3873273784720617,9.2341592230900780,11.0809910677080943,12.9278229123261088,14.7746547569441233,16.6214866015621396
1.0200000000000007,1.8521080219493633,3.7042160438987266,5.5563240658480897,7.4084320877974532,9.2605401097468167,11.1126481316961794,12.9647561536455420,14.8168641755949064,16.6689721975442708
1.0300000000000007,1.8572989891886036,3.7145979783772072,5.5718969675658112,7.4291959567544144,9.2864949459430193,11.1437939351316224,13.0010929243202256,14.8583919135088287,16.7156909026974319
1.0400000000000007,1.8624042272433388,3.7248084544866775,5.5872126817300165,7.4496169089733550,9.3120211362166927,11.1744253634600330,13.0368295907033716,14.8992338179467101,16.7616380451900469
1.0500000000000007,1.8674232255940173,3.7348464511880346,5.6022696767820523,7.4696929023760692,9.3371161279700861,11.2045393535641047,13.0719625791581215,14.9393858047521384,16.8068090303461553
1.0600000000000007,1.8723554823449866,3.7447109646899732,5.6170664470349596,7.4894219293799464,9.3617774117249333,11.2341328940699192,13.1064883764149052,14.9788438587598929,16.8511993411048806
1.0700000000000007,1.8772005042746820,3.7544010085493640,5.6316015128240462,7.5088020170987280,9.3860025213734097,11.2632030256480924,13.1404035299227750,15.0176040341974559,16.8948045384721368
1.0800000000000007,1.8819578068849478,3.7639156137698957,5.6458734206548433,7.5278312275397914,9.4097890344247404,11.2917468413096866,13.1737046481946347,15.0556624550795828,16.9376202619645326
1.0900000000000007,1.8866269144494876,3.7732538288989752,5.6598807433484630,7.5465076577979504,9.4331345722474378,11.3197614866969261,13.2063884011464125,15.0930153155959008,16.9796422300453891
1.1000000000000008,1.8912073600614356,3.7824147201228713,5.6736220801843071,7.5648294402457426,9.4560368003071780,11.3472441603686143,13.2384515204300506,15.1296588804914851,17.0208662405529196
1.1100000000000008,1.8956986856800480,3.7913973713600959,5.6870960570401436,7.5827947427201918,9.4784934284002400,11.3741921140802873,13.2698907997603364,15.1655894854403837,17.0612881711204309
1.1200000000000008,1.9001004421765053,3.8002008843530106,5.7003013265295159,7.6004017687060212,9.5005022108825266,11.4006026530590319,13.3007030952355372,15.2008035374120425,17.1009039795885478
1.1300000000000008,1.9044121893788262,3.8088243787576523,5.7132365681364785,7.6176487575153047,9.5220609468941326,11.4264731362729570,13.3308853256517850,15.2352975150306094,17.1397097044094373
1.1400000000000008,1.9086334961158835,3.8172669922317670,5.7259004883476514,7.6345339844635340,9.5431674805794184,11.4518009766953028,13.3604344728111855,15.2690679689270681,17.1777014650429507
1.1500000000000008,1.9127639402605214,3.8255278805210429,5.7382918207815639,7.6510557610420857,9.5638197013026076,11.4765836415631277,13.3893475818236496,15.3021115220841715,17.2148754623446933
1.1600000000000008,1.9168031087717674,3.8336062175435348,5.7504093263153013,7.6672124350870696,9.5840155438588361,11.5008186526306027,13.4176217614023710,15.3344248701741392,17.2512279789459058
1.1700000000000008,1.9207505977361361,3.8415011954722722,5.7622517932084083,7.6830023909445444,9.6037529886806787,11.5245035864168166,13.4452541841529509,15.3660047818890888,17.2867553796252231
1.1800000000000008,1.9246060124080206,3.8492120248160413,5.7738180372240624,7.6984240496320826,9.6230300620401028,11.5476360744481248,13.4722420868561450,15.3968480992641652,17.3214541116721854
1.1900000000000008,1.9283689672491668,3.8567379344983337,5.7851069017475005,7.7134758689966674,9.6418448362458342,11.5702138034950011,13.4985827707441679,15.4269517379933347,17.3553207052425051
1.2000000000000008,1.9320390859672267,3.8640781719344535,5.7961172579016793,7.7281563438689069,9.6601954298361328,11.5922345158033586,13.5242736017705862,15.4563126877378139,17.3883517737050397
1.2100000000000009,1.9356160015533863,3.8712320031067726,5.8068480046601589,7.7424640062135452,9.6780800077669298,11.6136960093203179,13.5493120108737024,15.4849280124270905,17.4205440139804750
1.2200000000000009,1.9390993563190677,3.8781987126381354,5.8172980689572036,7.7563974252762709,9.6954967815953381,11.6345961379144072,13.5736954942334744,15.5127948505525417,17.4518942068716107
1.2300000000000009,1.9424888019316979,3.8849776038633959,5.8274664057950929,7.7699552077267917,9.7124440096584888,11.6549328115901858,13.5974216135218846,15.5399104154535834,17.4823992173852787
1.2400000000000009,1.9457839994495392,3.8915679988990783,5.8373519983486180,7.7831359977981567,9.7289199972476972,11.6747039966972359,13.6204879961467746,15.5662719955963134,17.5120559950458556
1.2500000000000009,1.9489846193555866,3.8979692387111733,5.8469538580667599,7.7959384774223466,9.7449230967779314,11.6939077161335199,13.6428923354891047,15.5918769548446932,17.5408615742002780
1.2600000000000009,1.9520903415905160,3.9041806831810320,5.8562710247715479,7.8083613663620639,9.7604517079525799,11.7125420495430959,13.6646323911336118,15.6167227327241278,17.5688130743146473
1.2700000000000009,1.9551008555846925,3.9102017111693850,5.8653025667540772,7.8204034223387699,9.7755042779234635,11.7306051335081545,13.6857059890928472,15.6408068446775399,17.5959077002622308
1.2800000000000009,1.9580158602892253,3.9160317205784505,5.8740475808676758,7.8320634411569010,9.7900793014461271,11.7480951617353515,13.7061110220245759,15.6641268823138020,17.6221427426030282
1.2900000000000009,1.9608350642060728,3.9216701284121456,5.8825051926182184,7.8433402568242911,9.8041753210303639,11.7650103852364367,13.7258454494425095,15.6866805136485823,17.6475155778546551
1.3000000000000009,1.9635581854171931,3.9271163708343861,5.8906745562515797,7.8542327416687723,9.8177909270859658,11.7813491125031593,13.7449072979203528,15.7084654833375446,17.6720236687547398
1.3100000000000009,1.9661849516127343,3.9323699032254686,5.8985548548382027,7.8647398064509373,9.8309247580636718,11.7971097096764055,13.7632946612891409,15.7294796129018746,17.6956645645146082
1.3200000000000010,1.9687151001182654,3.9374302002365309,5.9061453003547966,7.8748604004730618,9.8435755005913279,11.8122906007095931,13.7810057008278584,15.7497208009461236,17.7184359010643888
1.3300000000000010,1.9711483779210448,3.9422967558420896,5.9134451337631342,7.8845935116841792,9.8557418896052233,11.8268902675262684,13.7980386454473134,15.7691870233683584,17.7403354012894034
1.3400000000000010,1.9734845416953197,3.9469690833906395,5.9204536250859583,7.8939381667812789,9.8674227084765977,11.8409072501719166,13.8143917918672372,15.7878763335625578,17.7613608752578784
1.3500000000000010,1.9757233578266593,3.9514467156533186,5.9271700734799779,7.9028934313066372,9.8786167891332965,11.8543401469599559,13.8300635047866152,15.8057868626132745,17.7815102204399338
1.3600000000000010,1.9778646024353164,3.9557292048706327,5.9335938073059493,7.9114584097412655,9.8893230121765825,11.8671876146118986,13.8450522170472148,15.8229168194825309,17.8007814219178471
1.3700000000000010,1.9799080613986144,3.9598161227972288,5.9397241841958435,7.9196322455944577,9.8995403069930710,11.8794483683916869,13.8593564297903011,15.8392644911889153,17.8191725525875313
1.3800000000000010,1.9818535303723599,3.9637070607447198,5.9455605911170792,7.9274141214894396,9.9092676518617999,11.8911211822341585,13.8729747126065188,15.8548282429788792,17.8366817733512377
1.3900000000000010,1.9837008148112767,3.9674016296225534,5.9511024444338299,7.9348032592451068,9.9185040740563828,11.9022048888676597,13.8859057036789366,15.8696065184902135,17.8533073333014904
1.4000000000000010,1.9854497299884604,3.9708994599769207,5.9563491899653815,7.9417989199538415,9.9272486499423014,11.9126983799307631,13.8981481099192230,15.8835978399076829,17.8690475698961428
1.4100000000000010,1.9871001010138505,3.9742002020277010,5.9613003030415515,7.9484004040554019,9.9355005050692533,11.9226006060831029,13.9097007070969525,15.8968008081108039,17.8839009091246552
1.4200000000000010,1.9886517628517200,3.9773035257034399,5.9659552885551594,7.9546070514068798,9.9432588142586003,11.9319105771103189,13.9205623399620393,15.9092141028137597,17.8978658656654801
1.4300000000000010,1.9901045603371781,3.9802091206743562,5.9703136810115343,7.9604182413487123,9.9505228016858887,11.9406273620230685,13.9307319223602448,15.9208364826974247,17.9109410430346010
1.4400000000000011,1.9914583481916865,3.9829166963833731,5.9743750445750594,7.9658333927667462,9.9572917409584321,11.9487500891501188,13.9402084373418056,15.9316667855334924,17.9231251337251791
1.4500000000000011,1.9927129910375885,3.9854259820751770,5.9781389731127659,7.9708519641503539,9.9635649551879428,11.9562779462255317,13.9489909372631189,15.9417039283007078,17.9344169193382967
1.4600000000000011,1.9938683634116450,3.9877367268232899,5.9816050902349351,7.9754734536465799,9.9693418170582255,11.9632101804698703,13.9570785438815150,15.9509469072931598,17.9448152707048045
1.4700000000000011,1.9949243497775810,3.9898486995551621,5.9847730493327429,7.9796973991103242,9.9746217488879054,11.9695460986654858,13.9644704484430662,15.9593947982206483,17.9543191479982269
1.4800000000000011,1.9958808445376401,3.9917616890752803,5.9876425336129202,7.9835233781505606,9.9794042226882009,11.9752850672258404,13.9711659117634817,15.9670467563011211,17.9629276008387606
1.4900000000000011,1.9967377520431435,3.9934755040862870,5.9902132561294303,7.9869510081725741,9.9836887602157169,11.9804265122588607,13.9771642643020044,15.9739020163451482,17.9706397683882919
1.5000000000000011,1.9974949866040546,3.9949899732081091,5.9924849598121632,7.9899799464162182,9.9874749330202732,11.9849699196243265,13.9824649062283815,15.9799598928324365,17.9774548794364932
1.5100000000000011,1.9981524724975483,3.9963049449950967,5.9944574174926446,7.9926098899901934,9.9907623624877413,11.9889148349852892,13.9870673074828389,15.9852197799803868,17.9833722524779347
1.5200000000000011,1.9987101439755830,3.9974202879511660,5.9961304319267494,7.9948405759023320,9.9935507198779163,11.9922608638534989,13.9909710078290814,15.9896811518046640,17.9883912957802465
1.5300000000000011,1.9991679452714761,3.9983358905429522,5.9975038358144275,7.9966717810859045,9.9958397263573797,11.9950076716288550,13.9941756169003320,15.9933435621718090,17.9925115074432824
1.5400000000000011,1.9995258306054791,3.9990516612109581,5.9985774918164374,7.9981033224219162,9.9976291530273951,11.9971549836328748,13.9966808142383528,15.9962066448438325,17.9957324754493122
1.5500000000000012,1.9997837641893570,3.9995675283787140,5.9993512925680710,7.9991350567574280,9.9989188209467841,11.9987025851361420,13.9984863493254998,15.9982701135148560,17.9980538777042121
1.5600000000000012,1.9999417202299663,3.9998834404599326,5.9998251606898991,7.9997668809198652,9.9997086011498304,11.9996503213797983,13.9995920416097643,15.9995337618397304,17.9994754820696983
1.5700000000000012,1.9999996829318345,3.9999993658636690,5.9999990487955035,7.9999987317273380,9.9999984146591743,11.9999980975910070,13.9999977805228433,15.9999974634546760,17.9999971463865123
1.5800000000000012,1.9999576464987401,3.9999152929974802,5.9998729394962202,7.9998305859949603,9.9997882324936995,11.9997458789924405,13.9997035254911815,15.9996611719899207,17.9996188184886599
1.5900000000000012,1.9998156151342910,3.9996312302685819,5.9994468454028720,7.9992624605371638,9.9990780756714539,11.9988936908057440,13.9987093059400358,15.9985249210743277,17.9983405362086160
1.6000000000000012,1.9995736030415050,3.9991472060830100,5.9987208091245154,7.9982944121660200,9.9978680152075263,11.9974416182490309,13.9970152212905354,15.9965888243320400,17.9961624273735481
1.6100000000000012,1.9992316344213905,3.9984632688427810,5.9976949032641720,7.9969265376855621,9.9961581721069521,11.9953898065283440,13.9946214409497340,15.9938530753711241,17.9930847097925124
1.6200000000000012,1.9987897434705240,3.9975794869410479,5.9963692304115721,7.9951589738820958,9.9939487173526196,11.9927384608231442,13.9915282042936688,15.9903179477641917,17.9891076912347145
1.6300000000000012,1.9982479743776325,3.9964959487552649,5.9947439231328969,7.9929918975105299,9.9912398718881619,11.9894878462657939,13.9877358206434259,15.9859837950210597,17.9842317693986899
1.6400000000000012,1.9976063813191736,3.9952127626383471,5.9928191439575205,7.9904255252766943,9.9880319065958680,11.9856382879150409,13.9832446692342138,15.9808510505533885,17.9784574318725632
1.6500000000000012,1.9968650284539189,3.9937300569078378,5.9905950853617558,7.9874601138156756,9.9843251422695936,11.9811901707235116,13.9780551991774313,15.9749202276313511,17.9717852560852691
1.6600000000000013,1.9960239899165366,3.9920479798330732,5.9880719697496101,7.9840959596661465,9.9801199495826829,11.9761439394992202,13.9721679294157575,15.9681919193322930,17.9642159092488285
1.6700000000000013,1.9950833498101801,3.9901666996203602,5.9852500494305403,7.9803333992407204,9.9754167490509005,11.9705000988610806,13.9655834486712607,15.9606667984814408,17.9557501482916209
1.6800000000000013,1.9940432021980758,3.9880864043961517,5.9821296065942278,7.9761728087923034,9.9702160109903790,11.9642592131884555,13.9583024153865303,15.9523456175846068,17.9463888197826833
1.6900000000000013,1.9929036510941183,3.9858073021882365,5.9787109532823557,7.9716146043764731,9.9645182554705922,11.9574219065647114,13.9503255576588288,15.9432292087529461,17.9361328598470635
1.7000000000000013,1.9916648104524683,3.9833296209049367,5.9749944313574055,7.9666592418098734,9.9583240522623413,11.9499888627148110,13.9416536731672789,15.9333184836197468,17.9249832940722165
1.7100000000000013,1.9903268041561579,3.9806536083123158,5.9709804124684736,7.9613072166246317,9.9516340207807907,11.9419608249369471,13.9322876290931053,15.9226144332492634,17.9129412374054198
1.7200000000000013,1.9888897660047014,3.9777795320094027,5.9666692980141036,7.9555590640188054,9.9444488300235072,11.9333385960282072,13.9222283620329090,15.9111181280376108,17.9000078940423109
1.7300000000000013,1.9873538397007162,3.9747076794014324,5.9620615191021482,7.9494153588028649,9.9367691985035815,11.9241230382042964,13.9114768779050131,15.8988307176057297,17.8861845573064464
1.7400000000000013,1.9857191788355533,3.9714383576711065,5.9571575365066600,7.9428767153422131,9.9285958941777661,11.9143150730133200,13.9000342518488722,15.8857534306844261,17.8714726095199801
1.7500000000000013,1.9839859468739367,3.9679718937478734,5.9519578406218105,7.9359437874957468,9.9199297343696831,11.9039156812436211,13.8879016281175574,15.8718875749914936,17.8558735218654299
1.7600000000000013,1.9821543171376184,3.9643086342752367,5.9464629514128546,7.9286172685504734,9.9107715856880922,11.8929259028257093,13.8750802199633281,15.8572345371009469,17.8393888542385639
1.7700000000000014,1.9802244727880454,3.9604489455760907,5.9406734183641356,7.9208978911521815,9.9011223639402264,11.8813468367282713,13.8615713095163180,15.8417957823043629,17.8220202550924078
1.7800000000000014,1.9781966068080443,3.9563932136160886,5.9345898204241330,7.9127864272321773,9.8909830340402216,11.8691796408482659,13.8473762476563103,15.8255728544643546,17.8037694612724025
1.7900000000000014,1.9760709219825239,3.9521418439650478,5.9282127659475714,7.9042836879300955,9.8803546099126187,11.8564255318951428,13.8324964538776669,15.8085673758601910,17.7846382978427151
1.8000000000000014,1.9738476308781949,3.9476952617563899,5.9215428926345846,7.8953905235127797,9.8692381543909740,11.8430857852691691,13.8169334161473643,15.7907810470255594,17.7646286779037546
1.8100000000000014,1.9715269558223150,3.9430539116446299,5.9145808674669453,7.8861078232892599,9.8576347791115744,11.8291617349338907,13.8006886907562052,15.7722156465785197,17.7437426024008360
1.8200000000000014,1.9691091288804561,3.9382182577609122,5.9073273866413682,7.8764365155218243,9.8455456444022804,11.8146547732827365,13.7837639021631926,15.7528730310436487,17.7219821599241030
1.8300000000000014,1.9665943918332971,3.9331887836665942,5.8997831754998913,7.8663775673331884,9.8329719591664855,11.7995663509997826,13.7661607428330797,15.7327551346663768,17.6993495264996739
1.8400000000000014,1.9639829961524478,3.9279659923048955,5.8919489884573437,7.8559319846097910,9.8199149807622383,11.7838979769146874,13.7478809730671347,15.7118639692195821,17.6758469653720311
1.8500000000000014,1.9612752029752996,3.9225504059505991,5.8838256089258989,7.8451008119011982,9.8063760148764985,11.7676512178517978,13.7289264208270971,15.6902016238023965,17.6514768267776958
1.8600000000000014,1.9584712830789139,3.9169425661578279,5.8754138492367414,7.8338851323156558,9.7923564153945684,11.7508276984734827,13.7092989815523971,15.6677702646313115,17.6262415477102223
1.8700000000000014,1.9555715168529435,3.9111430337058870,5.8667145505588305,7.8222860674117740,9.7778575842647175,11.7334291011176610,13.6890006179706045,15.6445721348235480,17.6001436516764898
1.8800000000000014,1.9525761942715949,3.9051523885431898,5.8577285828147847,7.8103047770863796,9.7628809713579745,11.7154571656295694,13.6680333599011643,15.6206095541727592,17.5731857484443523
1.8900000000000015,1.9494856148646300,3.8989712297292600,5.8484568445938905,7.7979424594585200,9.7474280743231496,11.6969136891877810,13.6463993040524105,15.5958849189170401,17.5453705337816714
1.9000000000000015,1.9463000876874141,3.8926001753748283,5.8389002630622420,7.7852003507496566,9.7315004384370702,11.6778005261244839,13.6241006138118976,15.5704007014993131,17.5167007891867286
1.9100000000000015,1.9430199312900100,3.8860398625800201,5.8290597938700301,7.7720797251600402,9.7150996564500502,11.6581195877400603,13.6011395190300703,15.5441594503200804,17.4871793816100904
1.9200000000000015,1.9396454736853244,3.8792909473706487,5.8189364210559731,7.7585818947412974,9.6982273684266218,11.6378728421119462,13.5775183157972705,15.5171637894825949,17.4568092631679193
1.9300000000000015,1.9361770523163055,3.8723541046326111,5.8085311569489164,7.7447082092652222,9.6808852615815280,11.6170623138978328,13.5532393662141395,15.4894164185304444,17.4255934708467493
1.9400000000000015,1.9326150140222000,3.8652300280444001,5.7978450420665997,7.7304600560888002,9.6630750701109989,11.5956900841331993,13.5283050981553998,15.4609201121776003,17.3935351261998008
1.9500000000000015,1.9289597150038689,3.8579194300077377,5.7868791450116062,7.7158388600154755,9.6447985750193439,11.5737582900232123,13.5027180050270807,15.4316777200309510,17.3606374350348176
1.9600000000000015,1.9252115207881677,3.8504230415763354,5.7756345623645036,7.7008460831526708,9.6260576039408381,11.5512691247290071,13.4764806455171744,15.4016921663053417,17.3269036870935089
1.9700000000000015,1.9213708061913948,3.8427416123827896,5.7641124185741841,7.6854832247655791,9.6068540309569741,11.5282248371483682,13.4495956433397623,15.3709664495311582,17.2923372557225505
1.9800000000000015,1.9174379552818093,3.8348759105636185,5.7523138658454283,7.6697518211272371,9.5871897764090459,11.5046277316908565,13.4220656869726653,15.3395036422544742,17.2569415975362830
1.9900000000000015,1.9134133613412245,3.8268267226824491,5.7402400840236734,7.6536534453648981,9.5670668067061229,11.4804801680473467,13.3938935293885706,15.3073068907297962,17.2207202520710183
2.0000000000000013,1.9092974268256810,3.8185948536513621,5.7278922804770431,7.6371897073027242,9.5464871341284052,11.4557845609540863,13.3650819877797673,15.2743794146054483,17.1836768414311294
2.0100000000000011,1.9050905633252004,3.8101811266504009,5.7152716899756015,7.6203622533008017,9.5254528166260020,11.4305433799512031,13.3356339432764024,15.2407245066016035,17.1458150699268046
2.0200000000000009,1.9007931915226268,3.8015863830452536,5.7023795745678809,7.6031727660905073,9.5039659576131346,11.4047591491357618,13.3055523406583873,15.2063455321810146,17.1071387237036419
2.0300000000000007,1.8964057411515596,3.7928114823031192,5.6892172234546790,7.5856229646062383,9.4820287057577985,11.3784344469093579,13.2748401880609173,15.1712459292124766,17.0676516703640360
2.0400000000000005,1.8919286509533793,3.7838573019067585,5.6757859528601387,7.5677146038135170,9.4596432547668972,11.3515719057202773,13.2435005566736557,15.1354292076270340,17.0273578585804160
2.0500000000000003,1.8873623686333754,3.7747247372667507,5.6620871059001256,7.5494494745335015,9.4368118431668755,11.3241742118002513,13.2115365804336271,15.0988989490670029,16.9862613177003752
2.0600000000000001,1.8827073508159740,3.7654147016319479,5.6481220524479223,7.5308294032638958,9.4135367540798711,11.2962441048958446,13.1789514557118181,15.0616588065277917,16.9443661573437652
2.0699999999999998,1.8779640629990781,3.7559281259981563,5.6338921889972342,7.5118562519963126,9.3898203149953900,11.2677843779944684,13.1457484409935468,15.0237125039926251,16.9016765669917035
2.0799999999999996,1.8731329795075167,3.7462659590150333,5.6193989385225498,7.4925319180300667,9.3656648975375845,11.2387978770450996,13.1119308565526165,14.9850638360601334,16.8581968155676520
2.0899999999999994,1.8682145834456128,3.7364291668912255,5.6046437503368391,7.4728583337824510,9.3410729172280647,11.2092875006736783,13.0775020841192902,14.9457166675649020,16.8139312510105157
2.0999999999999992,1.8632093666488743,3.7264187332977485,5.5896280999466228,7.4528374665954971,9.3160468332443713,11.1792561998932456,13.0424655665421199,14.9056749331909941,16.7688842998398684
2.1099999999999990,1.8581178296348093,3.7162356592696186,5.5743534889044284,7.4324713185392373,9.2905891481740461,11.1487069778088568,13.0068248074436656,14.8649426370784745,16.7230604667132852
2.1199999999999988,1.8529404815528769,3.7058809631057539,5.5588214446586308,7.4117619262115078,9.2647024077643856,11.1176428893172616,12.9705833708701377,14.8235238524230155,16.6764643339758933
2.1299999999999986,1.8476778401335705,3.6953556802671410,5.5430335204007113,7.3907113605342820,9.2383892006678536,11.0860670408014226,12.9337448809349933,14.7814227210685640,16.6291005612021365
2.1399999999999983,1.8423304316366467,3.6846608632732933,5.5269912949099398,7.3693217265465867,9.2116521581832345,11.0539825898198796,12.8963130214565265,14.7386434530931734,16.5809738847298220
2.1499999999999981,1.8368987907984988,3.6737975815969977,5.5106963723954960,7.3475951631939953,9.1844939539924937,11.0213927447909921,12.8582915355894905,14.6951903263879906,16.5320891171864872
2.1599999999999979,1.8313834607786843,3.6627669215573686,5.4941503823360538,7.3255338431147372,9.1569173038934224,10.9883007646721076,12.8196842254507910,14.6510676862294744,16.4824511470081596
2.1699999999999977,1.8257849931056094,3.6515699862112188,5.4773549793168286,7.3031399724224375,9.1289249655280464,10.9547099586336572,12.7804949517392661,14.6062799448448750,16.4320649379504857
2.1799999999999975,1.8201039476213756,3.6402078952427512,5.4603118428641269,7.2804157904855025,9.1005197381068790,10.9206236857282537,12.7407276333496284,14.5608315809710049,16.3809355285923814
2.1899999999999973,1.8143408924257973,3.6286817848515946,5.4430226772773924,7.2573635697031893,9.0717044621289880,10.8860453545547848,12.7003862469805817,14.5147271394063786,16.3290680318321790
2.1999999999999971,1.8084964038195919,3.6169928076391837,5.4254892114587756,7.2339856152783675,9.0424820190979602,10.8509784229175512,12.6594748267371422,14.4679712305567350,16.2764676343763277
2.2099999999999969,1.8025710662467491,3.6051421324934982,5.4077131987402476,7.2102842649869965,9.0128553312337445,10.8154263974804952,12.6179974637272441,14.4205685299739930,16.2231395962207401
2.2199999999999966,1.7965654722360886,3.5931309444721773,5.3896964167082659,7.1862618889443546,8.9828273611804441,10.7793928334165319,12.5759583056526196,14.3725237778887092,16.1690892501247987
2.2299999999999964,1.7904802223420071,3.5809604446840142,5.3714406670260209,7.1619208893680284,8.9524011117100351,10.7428813340520417,12.5333615563940484,14.3238417787360568,16.1143220010780617
2.2399999999999962,1.7843159250844223,3.5686318501688445,5.3529477752532673,7.1372637003376891,8.9215796254221118,10.7058955505065345,12.4902114755909572,14.2745274006753782,16.0588433257598027
2.2499999999999960,1.7780731968879238,3.5561463937758475,5.3342195906637713,7.1122927875516950,8.8903659844396188,10.6684391813275425,12.4465123782154663,14.2245855751033901,16.0026587719913138
2.2599999999999958,1.7717526620201285,3.5435053240402570,5.3152579860603852,7.0870106480805140,8.8587633101006418,10.6305159721207705,12.4022686341408992,14.1740212961610279,15.9457739581811566
2.2699999999999956,1.7653549525292562,3.5307099050585125,5.2960648575877691,7.0614198101170249,8.8267747626462807,10.5921297151755383,12.3574846677047940,14.1228396202340498,15.8881945727633074
2.2799999999999954,1.7588807081809250,3.5177614163618500,5.2766421245427750,7.0355228327237000,8.7944035409046251,10.5532842490855501,12.3121649572664751,14.0710456654474001,15.8299263736283251
2.2899999999999952,1.7523305763941739,3.5046611527883478,5.2569917291825217,7.0093223055766956,8.7616528819708694,10.5139834583650433,12.2663140347592172,14.0186446111533911,15.7709751875475650
2.2999999999999949,1.7457052121767236,3.4914104243534472,5.2371156365301710,6.9828208487068943,8.7285260608836168,10.4742312730603420,12.2199364852370653,13.9656416974137887,15.7113469095905121
2.3099999999999947,1.7390052780594745,3.4780105561189489,5.2170158341784232,6.9560211122378979,8.6950263902973717,10.4340316683568464,12.1730369464163211,13.9120422244757957,15.6510475025352704
2.3199999999999945,1.7322314440302551,3.4644628880605102,5.1966943320907655,6.9289257761210203,8.6611572201512743,10.3933886641815310,12.1256201082117858,13.8578515522420407,15.5900829962722955
2.3299999999999943,1.7253843874668235,3.4507687749336471,5.1761531624004711,6.9015375498672942,8.6269219373341173,10.3523063248009421,12.0776907122677652,13.8030750997345883,15.5284594872014114
2.3399999999999941,1.7184647930691304,3.4369295861382607,5.1553943792073902,6.8738591722765214,8.5923239653456509,10.3107887584147804,12.0292535514839116,13.7477183445530429,15.4661831376221723
2.3499999999999939,1.7114733527908488,3.4229467055816976,5.1344200583725463,6.8458934111633951,8.5573667639542439,10.2688401167450927,11.9803134695359415,13.6917868223267902,15.4032601751176390
2.3599999999999937,1.7044107657701806,3.4088215315403612,5.1132322973105415,6.8176430630807223,8.5220538288509040,10.2264645946210830,11.9308753603912638,13.6352861261614446,15.3396968919316254
2.3699999999999934,1.6972777382599427,3.3945554765198853,5.0918332147798271,6.7891109530397706,8.4863886912997124,10.1836664295596542,11.8809441678195977,13.5782219060795413,15.2754996443394830
2.3799999999999932,1.6900749835569413,3.3801499671138826,5.0702249506708235,6.7602999342277652,8.4503749177847070,10.1404499013416469,11.8305248848985887,13.5205998684555304,15.2106748520124704
2.3899999999999930,1.6828032219306448,3.3656064438612896,5.0484096657919348,6.7312128877225792,8.4140161096532253,10.0968193315838697,11.7796225535145140,13.4624257754451584,15.1452289973758045
2.3999999999999928,1.6754631805511562,3.3509263611023123,5.0263895416534687,6.7018527222046247,8.3773159027557806,10.0527790833069375,11.7282422638580925,13.4037054444092494,15.0791686249604062
2.4099999999999926,1.6680555934164967,3.3361111868329933,5.0041667802494896,6.6722223736659867,8.3402779670824820,10.0083335604989792,11.6763891539154763,13.3444447473319734,15.0125003407484687
2.4199999999999924,1.6605812012792063,3.3211624025584126,4.9817436038376197,6.6423248051168251,8.3029060063960323,9.9634872076752394,11.6240684089544448,13.2846496102336502,14.9452308115128574
2.4299999999999922,1.6530407515722709,3.3060815031445419,4.9591222547168119,6.6121630062890837,8.2652037578613538,9.9182445094336238,11.5712852610058956,13.2243260125781674,14.8773667641504375
2.4399999999999920,1.6454349983343768,3.2908699966687536,4.9363049950031304,6.5817399933375071,8.2271749916718839,9.8726099900062607,11.5180449883406375,13.1634799866750143,14.8089149850093911
2.4499999999999917,1.6377647021345101,3.2755294042690202,4.9132941064035300,6.5510588085380403,8.1888235106725507,9.8265882128070601,11.4643529149415713,13.1021176170760807,14.7398823192105901
2.4599999999999915,1.6300306299958987,3.2600612599917973,4.8900918899876960,6.5201225199835946,8.1501531499794933,9.7801837799753919,11.4102144099712923,13.0402450399671892,14.6702756699630896
2.4699999999999913,1.6222335553193115,3.2444671106386229,4.8667006659579348,6.4889342212772458,8.1111677765965577,9.7334013319158696,11.3556348872351798,12.9778684425544917,14.6001019978738036
2.4799999999999911,1.6143742578057187,3.2287485156114375,4.8431227734171562,6.4574970312228750,8.0718712890285929,9.6862455468343125,11.3006198046400321,12.9149940624457500,14.5293683202514678
2.4899999999999909,1.6064535233783221,3.2129070467566443,4.8193605701349664,6.4258140935132886,8.0322676168916107,9.6387211402699329,11.2451746636482550,12.8516281870265772,14.4580817104048993
2.4999999999999907,1.5984721441039640,3.1969442882079280,4.7954164323118924,6.3938885764158560,7.9923607205198195,9.5908328646237848,11.1893050087277484,12.7877771528317119,14.3862492969356754
2.5099999999999905,1.5904309181139205,3.1808618362278409,4.7712927543417614,6.3617236724556818,7.9521545905696023,9.5425855086835227,11.1330164267974432,12.7234473449113636,14.3138782630252841
2.5199999999999902,1.5823306495240899,3.1646612990481797,4.7469919485722691,6.3293225980963594,7.9116532476204497,9.4939838971445383,11.0763145466686286,12.6586451961927189,14.2409758457168092
2.5299999999999900,1.5741721483545805,3.1483442967091610,4.7225164450637420,6.2966885934183221,7.8708607417729031,9.4450328901274840,11.0192050384820632,12.5933771868366442,14.1675493351912252
2.5399999999999898,1.5659562304487111,3.1319124608974223,4.6978686913461338,6.2638249217948445,7.8297811522435552,9.3957373826922677,10.9616936131409783,12.5276498435896890,14.0936060740383997
2.5499999999999896,1.5576837173914255,3.1153674347828511,4.6730511521742768,6.2307348695657021,7.7884185869571274,9.3461023043485536,10.9037860217399789,12.4614697391314042,14.0191534565228295
2.5599999999999894,1.5493554364271356,3.0987108728542712,4.6480663092814067,6.1974217457085423,7.7467771821356779,9.2961326185628135,10.8454880549899499,12.3948434914170846,13.9441989278442193
2.5699999999999892,1.5409722203769975,3.0819444407539951,4.6229166611309926,6.1638888815079902,7.7048611018849877,9.2458333222619853,10.7868055426389837,12.3277777630159804,13.8687499833929770
2.5799999999999890,1.5325349075556305,3.0650698151112610,4.5976047226668912,6.1301396302225220,7.6626745377781527,9.1952094453337825,10.7277443528894132,12.2602792604450439,13.7928141680006746
2.5899999999999888,1.5240443416872855,3.0480886833745711,4.5721330250618566,6.0961773667491421,7.6202217084364277,9.1442660501237132,10.6683103918109978,12.1923547334982842,13.7163990751855707
2.5999999999999885,1.5155013718214740,3.0310027436429481,4.5465041154644226,6.0620054872858962,7.5775068591073698,9.0930082309288451,10.6085096027503187,12.1240109745717923,13.6395123463932659
2.6099999999999883,1.5069068522480635,3.0138137044961271,4.5207205567441902,6.0276274089922541,7.5345342612403172,9.0414411134883803,10.5483479657364434,12.0552548179845083,13.5621616702325696
2.6199999999999881,1.4982616424118489,2.9965232848236978,4.4947849272355471,5.9930465696473956,7.4913082120592449,8.9895698544710942,10.4878314968829436,11.9860931392947911,13.4843547817066405
2.6299999999999879,1.4895666068266100,2.9791332136532200,4.4686998204798298,5.9582664273064401,7.4478330341330494,8.9373996409596597,10.4269662477862699,11.9165328546128801,13.4060994614394886
2.6399999999999877,1.4808226149886592,2.9616452299773184,4.4424678449659769,5.9232904599546368,7.4041130749432957,8.8849356899319538,10.3657583049206146,11.8465809199092735,13.3274035348979325
2.6499999999999875,1.4720305412898935,2.9440610825797870,4.4160916238696810,5.8881221651595741,7.3601527064494681,8.8321832477393620,10.3042137890292551,11.7762443303191482,13.2482748716090430
2.6599999999999873,1.4631912649303564,2.9263825298607129,4.3895737947910698,5.8527650597214258,7.3159563246517827,8.7791475895821396,10.2423388545124965,11.7055301194428516,13.1687213843732103
2.6699999999999871,1.4543056698303181,2.9086113396606361,4.3629170094909533,5.8172226793212722,7.2715283491515894,8.7258340189819066,10.1801396888122255,11.6344453586425445,13.0887510284728616
2.6799999999999868,1.4453746445418831,2.8907492890837663,4.3361239336256494,5.7814985781675325,7.2268732227094148,8.6722478672512988,10.1176225117931811,11.5629971563350651,13.0083718008769473
2.6899999999999866,1.4363990821601382,2.8727981643202765,4.3091972464804149,5.7455963286405529,7.1819954108006918,8.6183944929608298,10.0547935751209678,11.4911926572811058,12.9275917394412438
2.6999999999999864,1.4273798802338422,2.8547597604676844,4.2821396407015264,5.7095195209353689,7.1368994011692113,8.5642792814030528,9.9916591616368962,11.4190390418707377,12.8464189221045793
2.7099999999999862,1.4183179406756714,2.8366358813513428,4.2549538220270140,5.6732717627026856,7.0915897033783573,8.5099076440540280,9.9282255847297005,11.3465435254053713,12.7648614660810438
2.7199999999999860,1.4092141696720302,2.8184283393440603,4.2276425090160910,5.6368566786881207,7.0460708483601513,8.4552850180321819,9.8644991877042116,11.2737133573762414,12.6829275270482729
2.7299999999999858,1.4000694775924325,2.8001389551848650,4.2002084327772975,5.6002779103697300,7.0003473879621634,8.4004168655545950,9.8004863431470284,11.2005558207394600,12.6006252983318934
2.7399999999999856,1.3908847788984657,2.7817695577969315,4.1726543366953965,5.5635391155938629,6.9544238944923285,8.3453086733907931,9.7361934522892604,11.1270782311877259,12.5179630100861914
2.7499999999999853,1.3816609920523453,2.7633219841046905,4.1449829761570358,5.5266439682093811,6.9083049602617264,8.2899659523140716,9.6716269443664160,11.0532879364187622,12.4349489284711083
2.7599999999999851,1.3723990394250694,2.7447980788501387,4.1171971182752074,5.4895961577002774,6.8619951971253466,8.2343942365504148,9.6067932759754857,10.9791923154005548,12.3515913548256240
2.7699999999999849,1.3630998472041824,2.7261996944083648,4.0892995416125473,5.4523993888167297,6.8154992360209121,8.1785990832250945,9.5416989304292770,10.9047987776334594,12.2678986248376418
2.7799999999999847,1.3537643453011572,2.7075286906023144,4.0612930359034713,5.4150573812046288,6.7688217265057862,8.1225860718069427,9.4763504171081010,10.8301147624092575,12.1838791077104158
2.7899999999999845,1.3443934672584046,2.6887869345168092,4.0331804017752138,5.3775738690336183,6.7219673362920229,8.0663608035504275,9.4107542708088321,10.7551477380672367,12.0995412053256413
2.7999999999999843,1.3349881501559198,2.6699763003118395,4.0049644504677593,5.3399526006236790,6.6749407507795988,8.0099289009355186,9.3449170510914374,10.6799052012473581,12.0148933514032770
2.8099999999999841,1.3255493345175751,2.6510986690351501,3.9766480035527252,5.3021973380703002,6.6277466725878753,7.9532960071054504,9.2788453416230254,10.6043946761406005,11.9299440106581756
2.8199999999999839,1.3160779642170690,2.6321559284341380,3.9482338926512068,5.2643118568682761,6.5803898210853449,7.8964677853024137,9.2125457495194834,10.5286237137365521,11.8447016779536209
2.8299999999999836,1.3065749863835385,2.6131499727670771,3.9197249591506158,5.2262999455341541,6.5328749319176929,7.8394499183012316,9.1460249046847704,10.4525998910683082,11.7591748774518479
2.8399999999999834,1.2970413513068482,2.5940827026136963,3.8911240539205441,5.1881654052273927,6.4852067565342404,7.7822481078410881,9.0792894591479367,10.3763308104547853,11.6733721617616339
2.8499999999999832,1.2874780123425604,2.5749560246851209,3.8624340370276817,5.1499120493702417,6.4373900617128026,7.7248680740553635,9.0123460863979243,10.2998240987404834,11.5873021110830443
2.8599999999999830,1.2778859258166029,2.5557718516332057,3.8336577774498091,5.1115437032664115,6.3894296290830148,7.6673155548996181,8.9452014807162215,10.2230874065328230,11.5009733323494263
2.8699999999999828,1.2682660509296346,2.5365321018592693,3.8047981527889041,5.0730642037185385,6.3413302546481729,7.6095963055778082,8.8778623565074426,10.1461284074370770,11.4143944583667114
2.8799999999999826,1.2586193496611275,2.5172386993222551,3.7758580489833826,5.0344773986445102,6.2930967483056381,7.5517160979667652,8.8103354476278923,10.0689547972890203,11.3275741469501483
2.8899999999999824,1.2489467866731698,2.4978935733463397,3.7468403600195090,4.9957871466926793,6.2447339333658487,7.4936807200390181,8.7426275067121892,9.9915742933853586,11.2405210800585280
2.8999999999999821,1.2392493292139997,2.4784986584279993,3.7177479876419990,4.9569973168559986,6.1962466460699979,7.4354959752839980,8.6747453044979981,9.9139946337119973,11.1532439629259965
2.9099999999999819,1.2295279470212819,2.4590558940425638,3.6885838410638456,4.9181117880851275,6.1476397351064094,7.3771676821276913,8.6066956291489731,9.8362235761702550,11.0657515231915369
2.9199999999999817,1.2197836122251347,2.4395672244502693,3.6593508366754044,4.8791344489005386,6.0989180611256737,7.3187016733508088,8.5384852855759430,9.7582688978010772,10.9780525100262132
2.9299999999999815,1.2100172992509175,2.4200345985018350,3.6300518977527521,4.8400691970036700,6.0500864962545871,7.2601037955055041,8.4701210947564221,9.6801383940073400,10.8901556932582562
2.9399999999999813,1.2002299847217888,2.4004599694435775,3.6006899541653663,4.8009199388871551,6.0011499236089438,7.2013799083307326,8.4016098930525214,9.6018398777743101,10.8020698624960989
2.9499999999999811,1.1904226473610457,2.3808452947220915,3.5712679420831375,4.7616905894441830,5.9521132368052285,7.1425358841662749,8.3329585315273214,9.5233811788883660,10.7138038262494124
2.9599999999999809,1.1805962678942516,2.3611925357885033,3.5417888036827554,4.7223850715770066,5.9029813394712587,7.0835776073655108,8.2641738752597611,9.4447701431540132,10.6253664110482653
2.9699999999999807,1.1707518289511647,2.3415036579023294,3.5122554868534936,4.6830073158046588,5.8537591447558226,7.0245109737069873,8.1952628026581529,9.3660146316093176,10.5367664605604823
2.9799999999999804,1.1608903149674750,2.3217806299349499,3.4826709449024253,4.6435612598698999,5.8044515748373753,6.9653418898048507,8.1262322047723252,9.2871225197397997,10.4480128347072760
2.9899999999999802,1.1510127120863636,2.3020254241727272,3.4530381362590910,4.6040508483454543,5.7550635604318181,6.9060762725181819,8.0570889846045457,9.2081016966909086,10.3591144087772733
2.9999999999999800,1.1411200080598869,2.2822400161197738,3.4233600241796611,4.5644800322395476,5.7056000402994353,6.8467200483593222,7.9878400564192091,9.1289600644790951,10.2700800725389829
3.0099999999999798,1.1312131921502040,2.2624263843004080,3.3936395764506120,4.5248527686008160,5.6560659607510200,6.7872791529012240,7.9184923450514280,9.0497055372016320,10.1809187293518359
3.0199999999999796,1.1212932550306500,2.2425865100613001,3.3638797650919501,4.4851730201226001,5.6064662751532506,6.7277595301839002,7.8490527852145497,8.9703460402452002,10.0916392952758507
3.0299999999999794,1.1113611886866703,2.2227223773733407,3.3340835660600110,4.4454447547466813,5.5568059434333517,6.6681671321200220,7.7795283208066923,8.8908895094933627,10.0022506981800330
3.0399999999999792,1.1014179863166227,2.2028359726332454,3.3042539589498681,4.4056719452664908,5.5070899315831134,6.6085079178997361,7.7099259042163588,8.8113438905329815,9.9127618768496042
3.0499999999999790,1.0914646422324581,2.1829292844649162,3.2743939266973738,4.3658585689298324,5.4573232111622900,6.5487878533947477,7.6402524956272062,8.7317171378596647,9.8231817800921224
3.0599999999999787,1.0815021517602903,2.1630043035205806,3.2445064552808711,4.3260086070411612,5.4075107588014522,6.4890129105617422,7.5705150623220323,8.6520172140823224,9.7335193658426142
3.0699999999999785,1.0715315111408650,2.1430630222817300,3.2145945334225949,4.2861260445634599,5.3576575557043249,6.4291890668451899,7.5007205779860548,8.5722520891269198,9.6437836002677848
3.0799999999999783,1.0615537174299348,2.1231074348598695,3.1846611522898045,4.2462148697197390,5.3077685871496740,6.3693223045796090,7.4308760220095440,8.4924297394394781,9.5539834568694140
3.0899999999999781,1.0515697683985563,2.1031395367971126,3.1547093051956692,4.2062790735942253,5.2578488419927822,6.3094186103913383,7.3609883787898944,8.4125581471884505,9.4641279155870066
3.0999999999999779,1.0415806624333126,2.0831613248666252,3.1247419872999380,4.1663226497332504,5.2079033121665637,6.2494839745998760,7.2910646370331884,8.3326452994665008,9.3742259618998141
3.1099999999999777,1.0315873984364761,2.0631747968729521,3.0947621953094284,4.1263495937459043,5.1579369921823801,6.1895243906188568,7.2211117890553327,8.2526991874918085,9.2842865859282853
3.1199999999999775,1.0215909757261186,2.0431819514522371,3.0647729271783559,4.0863639029044743,5.1079548786305926,6.1295458543567118,7.1511368300828302,8.1727278058089485,9.1943187815350669
3.1299999999999772,1.0115923939361808,2.0231847878723617,3.0347771818085429,4.0463695757447233,5.0579619696809051,6.0695543636170859,7.0811467575532667,8.0927391514894467,9.1043315454256284
3.1399999999999770,1.0015926529165100,2.0031853058330200,3.0047779587495298,4.0063706116660400,5.0079632645825498,6.0095559174990596,7.0111485704155694,8.0127412233320801,9.0143338762485890
3.1499999999999768,0.9915927526328745,1.9831855052657490,2.9747782578986235,3.9663710105314980,4.9579637631643720,5.9495565157972470,6.9411492684301210,7.9327420210629960,8.9243347736958700
3.1599999999999766,0.9815936930669698,1.9631873861339395,2.9447810792009093,3.9263747722678790,4.9079684653348483,5.8895621584018185,6.8711558514687878,7.8527495445357580,8.8343432376027273
3.1699999999999764,0.9715964741164197,1.9431929482328394,2.9147894223492594,3.8863858964656788,4.8579823705820990,5.8295788446985188,6.8011753188149378,7.7727717929313576,8.7443682670477774
3.1799999999999762,0.9616020954947886,1.9232041909895772,2.8848062864843658,3.8464083819791544,4.8080104774739425,5.7696125729687315,6.7312146684635197,7.6928167639583087,8.6544188594530969
3.1899999999999760,0.9516115566316098,1.9032231132632196,2.8548346698948293,3.8064462265264392,4.7580577831580486,5.7096693397896585,6.6612808964212684,7.6128924530528783,8.5645040096844873
3.1999999999999758,0.9416258565724442,1.8832517131448885,2.8248775697173327,3.7665034262897770,4.7081292828622212,5.6497551394346655,6.5913809960071097,7.5330068525795539,8.4746327091519991
3.2099999999999755,0.9316459938789766,1.8632919877579532,2.7949379816369300,3.7265839755159065,4.6582299693948830,5.5898759632738599,6.5215219571528360,7.4531679510318130,8.3848139449107890
3.2199999999999753,0.9216729665291595,1.8433459330583191,2.7650188995874787,3.6866918661166381,4.6083648326457975,5.5300377991749574,6.4517107657041164,7.3733837322332763,8.2950566987624352
3.2299999999999751,0.9117077718174171,1.8234155436348343,2.7351233154522516,3.6468310872696685,4.5585388590870863,5.4702466309045032,6.3819544027219202,7.2936621745393371,8.2053699463567540
3.2399999999999749,0.9017514062549166,1.8035028125098331,2.7052542187647495,3.6070056250196663,4.5087570312745822,5.4105084375294989,6.3122598437844157,7.2140112500393325,8.1157626562942493
3.2499999999999747,0.8918048654699168,1.7836097309398335,2.6754145964097504,3.5672194618796671,4.4590243273495842,5.3508291928195009,6.2426340582894175,7.1344389237593342,8.0262437892292517
3.2599999999999745,0.8818691441082078,1.7637382882164157,2.6456074323246233,3.5274765764328313,4.4093457205410385,5.2912148646492465,6.1730840087574546,7.0549531528656626,7.9368222969738698
3.2699999999999743,0.8719452357336459,1.7438904714672918,2.6158357072009375,3.4877809429345836,4.3597261786682298,5.2316714144018750,6.1036166501355211,6.9755618858691673,7.8475071216028134
3.2799999999999740,0.8620341327287987,1.7240682654575974,2.5861023981863962,3.4481365309151948,4.3101706636439934,5.1722047963727924,6.0342389291015905,6.8962730618303896,7.7583071945591877
3.2899999999999738,0.8521368261957074,1.7042736523914148,2.5564104785871224,3.4085473047828296,4.2606841309785368,5.1128209571742449,5.9649577833699521,6.8170946095656593,7.6692314357613665
3.2999999999999736,0.8422543058567776,1.6845086117135553,2.5267629175703332,3.3690172234271105,4.2112715292838878,5.0535258351406664,5.8957801409974433,6.7380344468542210,7.5802887527109988
3.3099999999999734,0.8323875599558079,1.6647751199116159,2.4971626798674240,3.3295502398232317,4.1619377997790394,4.9943253597348480,5.8267129196906557,6.6591004796464635,7.4914880396022721
3.3199999999999732,0.8225375751591661,1.6450751503183323,2.4676127254774984,3.2901503006366646,4.1126878757958307,4.9352254509549969,5.7577630261141621,6.5803006012733292,7.4028381764324944
3.3299999999999730,0.8127053364571234,1.6254106729142468,2.4381160093713703,3.2508213458284936,4.0635266822856169,4.8762320187427406,5.6889373551998634,6.5016426916569872,7.3143480281141109
3.3399999999999728,0.8028918270653567,1.6057836541307133,2.4086754811960702,3.2115673082614267,4.0144591353267831,4.8173509623921404,5.6202427894574969,6.4231346165228533,7.2260264435882107
3.3499999999999726,0.7930980283266271,1.5861960566532542,2.3792940849798816,3.1723921133065085,3.9654901416331358,4.7585881699597632,5.5516861982863901,6.3447842266130170,7.1378822549396448
3.3599999999999723,0.7833249196126473,1.5666498392252945,2.3499747588379418,3.1332996784505891,3.9166245980632359,4.6999495176758836,5.4832744372885305,6.2665993569011782,7.0499242765138250
3.3699999999999721,0.7735734782261441,1.5471469564522882,2.3207204346784325,3.0942939129045763,3.8678673911307206,4.6414408693568650,5.4150143475830088,6.1885878258091527,6.9621613040352965
3.3799999999999719,0.7638446793031302,1.5276893586062603,2.2915340379093907,3.0553787172125206,3.8192233965156510,4.5830680758187814,5.3469127551219113,6.1107574344250413,6.8746021137281712
3.3899999999999717,0.7541394957153905,1.5082789914307810,2.2624184871461717,3.0165579828615621,3.7706974785769525,4.5248369742923433,5.2789764700077342,6.0331159657231241,6.7872554614385141
3.3999999999999715,0.7444588979731963,1.4889177959463926,2.2333766939195887,2.9778355918927852,3.7222944898659813,4.4667533878391774,5.2112122858123735,5.9556711837855705,6.7001300817587666
3.4099999999999713,0.7348038541282544,1.4696077082565089,2.2044115623847631,2.9392154165130178,3.6740192706412724,4.4088231247695262,5.1436269788977809,5.8784308330260355,6.6132346871542902
3.4199999999999711,0.7251753296769037,1.4503506593538074,2.1755259890307110,2.9007013187076147,3.6258766483845184,4.3510519780614221,5.0762273077383266,5.8014026374152294,6.5265779670921340
3.4299999999999708,0.7155742874635656,1.4311485749271311,2.1467228623906967,2.8622971498542622,3.5778714373178278,4.2934457247813933,5.0090200122449584,5.7245942997085244,6.4401685871720904
3.4399999999999706,0.7060016875844604,1.4120033751689207,2.1180050627533813,2.8240067503378414,3.5300084379223020,4.2360101255067626,4.9420118130912227,5.6480135006756829,6.3540151882601439
3.4499999999999704,0.6964584872915991,1.3929169745831982,2.0893754618747971,2.7858339491663964,3.4822924364579952,4.1787509237495941,4.8752094110411939,5.5716678983327927,6.2681263856243916
3.4599999999999702,0.6869456408970580,1.3738912817941160,2.0608369226911742,2.7477825635882320,3.4347282044852903,4.1216738453823485,4.8086194862794063,5.4955651271764641,6.1825107680735227
3.4699999999999700,0.6774640996775496,1.3549281993550992,2.0323922990326491,2.7098563987101985,3.3873204983877478,4.0647845980652981,4.7422486977428475,5.4197127974203969,6.0971768970979463
3.4799999999999698,0.6680148117792943,1.3360296235585887,2.0040444353378835,2.6720592471171773,3.3400740588964721,4.0080888706757669,4.6761036824550608,5.3441184942343547,6.0121333060136495
3.4899999999999696,0.6585987221232079,1.3171974442464158,1.9757961663696235,2.6343948884928317,3.2929936106160396,3.9515923327392470,4.6101910548624545,5.2687897769856633,5.9273884991088703
3.4999999999999694,0.6492167723104089,1.2984335446208177,1.9476503169312265,2.5968670892416355,3.2460838615520444,3.8953006338624530,4.5445174061728615,5.1937341784832709,5.8429509507936803
3.5099999999999691,0.6398699005280604,1.2797398010561207,1.9196097015841813,2.5594796021122415,3.1993495026403020,3.8392194031683626,4.4790893036964228,5.1189592042244829,5.7588291047525439
3.5199999999999689,0.6305590414555517,1.2611180829111035,1.8916771243666555,2.5222361658222070,3.1527952072777587,3.7833542487333109,4.4139132901888622,5.0444723316444140,5.6750313730999657
3.5299999999999687,0.6212851261710312,1.2425702523420623,1.8638553785130934,2.4851405046841246,3.1064256308551559,3.7277107570261867,4.3489958831972180,4.9702810093682492,5.5915661355392805
3.5399999999999685,0.6120490820582988,1.2240981641165976,1.8361472461748964,2.4481963282331951,3.0602454102914938,3.6722944923497929,4.2843435744080915,4.8963926564663902,5.5084417385246889
3.5499999999999683,0.6028518327140692,1.2057036654281383,1.8085554981422076,2.4114073308562767,3.0142591635703457,3.6171109962844152,4.2199628289984847,4.8228146617125534,5.4256664944266220
3.5599999999999681,0.5936942978556125,1.1873885957112249,1.7810828935668375,2.3747771914224498,2.9684714892780621,3.5621657871336749,4.1558600849892873,4.7495543828448996,5.3432486807005120
3.5699999999999679,0.5845773932287832,1.1691547864575664,1.7537321796863496,2.3383095729151329,2.9228869661439161,3.5074643593726993,4.0920417526014825,4.6766191458302657,5.2611965390590489
3.5799999999999677,0.5755020305164468,1.1510040610328935,1.7265060915493402,2.3020081220657871,2.8775101525822340,3.4530121830986804,4.0285142136151268,4.6040162441315742,5.1795182746480215
3.5899999999999674,0.5664691172473115,1.1329382344946231,1.6994073517419346,2.2658764689892461,2.8323455862365576,3.3988147034838692,3.9652838207311807,4.5317529379784922,5.0982220552258042
3.5999999999999672,0.5574795567051770,1.1149591134103540,1.6724386701155312,2.2299182268207081,2.7873977835258850,3.3448773402310623,3.9023568969362392,4.4598364536414161,5.0173160103465930
3.6099999999999670,0.5485342478386062,1.0970684956772123,1.6456027435158185,2.1941369913544246,2.7426712391930308,3.2912054870316370,3.8397397348702431,4.3882739827088493,4.9368082305474559
3.6199999999999668,0.5396340851710313,1.0792681703420626,1.6189022555130939,2.1585363406841251,2.6981704258551567,3.2378045110261877,3.7774385961972188,4.3170726813682503,4.8567067665392818
3.6299999999999666,0.5307799587113022,1.0615599174226045,1.5923398761339069,2.1231198348452089,2.6538997935565116,3.1846797522678139,3.7154597109791161,4.2462396696904179,4.7770196284017210
3.6399999999999664,0.5219727538646868,1.0439455077293736,1.5659182615940603,2.0878910154587471,2.6098637693234341,3.1318365231881207,3.6538092770528072,4.1757820309174942,4.6977547847821812
3.6499999999999662,0.5132133513443301,1.0264267026886602,1.5396400540329904,2.0528534053773204,2.5660667567216504,3.0792801080659808,3.5924934594103108,4.1057068107546408,4.6189201620989708
3.6599999999999659,0.5045026270831847,1.0090052541663694,1.5135078812495544,2.0180105083327389,2.5225131354159238,3.0270157624991088,3.5315183895822932,4.0360210166654777,4.5405236437486627
3.6699999999999657,0.4958414521464181,0.9916829042928361,1.4875243564392542,1.9833658085856722,2.4792072607320903,2.9750487128785084,3.4708901650249264,3.9667316171713445,4.4625730693177630
3.6799999999999655,0.4872306926443060,0.9744613852886119,1.4616920779329179,1.9489227705772239,2.4361534632215296,2.9233841558658358,3.4106148485101420,3.8978455411544477,4.3850762337987534
3.6899999999999653,0.4786712096456230,0.9573424192912461,1.4360136289368692,1.9146848385824922,2.3933560482281151,2.8720272578737385,3.3506984675193614,3.8293696771649843,4.3080408868106073
3.6999999999999651,0.4701638590915364,0.9403277181830727,1.4104915772746089,1.8806554363661454,2.3508192954576819,2.8209831545492179,3.2911470136407543,3.7613108727322908,4.2314747318238268
3.7099999999999649,0.4617094917100120,0.9234189834200239,1.3851284751300359,1.8468379668400479,2.3085474585500600,2.7702569502600718,3.2319664419700835,3.6936759336800957,4.1553854253901079
3.7199999999999647,0.4533089529307426,0.9066179058614852,1.3599268587922277,1.8132358117229703,2.2665447646537129,2.7198537175844555,3.1731626705151981,3.6264716234459407,4.0797805763766828
3.7299999999999645,0.4449630828006057,0.8899261656012114,1.3348892484018171,1.7798523312024228,2.2248154140030287,2.6697784968036342,3.1147415796042397,3.5597046624048456,4.0046677452054515
3.7399999999999642,0.4366727158996596,0.8733454317993192,1.3100181476989787,1.7466908635986385,2.1833635794982982,2.6200362953979575,3.0567090112976172,3.4933817271972769,3.9300544430969362
3.7499999999999640,0.4284386812576857,0.8568773625153714,1.2853160437730571,1.7137547250307428,2.1421934062884285,2.5706320875461142,2.9990707688037999,3.4275094500614856,3.8559481313191712
3.7599999999999638,0.4202618022712865,0.8405236045425730,1.2607854068138595,1.6810472090851460,2.1013090113564328,2.5215708136277191,2.9418326158990054,3.3620944181702921,3.7823562204415788
3.7699999999999636,0.4121428966215467,0.8242857932430934,1.2364286898646402,1.6485715864861867,2.0607144831077333,2.4728573797292803,2.8850002763508265,3.2971431729723735,3.7092860695939205
3.7799999999999634,0.4040827761922654,0.8081655523845308,1.2122483285767962,1.6163311047690616,2.0204138809613270,2.4244966571535924,2.8285794333458583,3.2326622095381232,3.6367449857303882
3.7899999999999632,0.3960822469887688,0.7921644939775376,1.1882467409663064,1.5843289879550753,1.9804112349438441,2.3764934819326129,2.7725757289213817,3.1686579759101505,3.5647402228989193
3.7999999999999630,0.3881421090573102,0.7762842181146203,1.1644263271719306,1.5525684362292407,1.9407105452865507,2.3288526543438612,2.7169947634011713,3.1051368724584814,3.4932789815157914
3.8099999999999627,0.3802631564050660,0.7605263128101321,1.1407894692151981,1.5210526256202641,1.9013157820253301,2.2815789384303962,2.6618420948354622,3.0421052512405282,3.4223684076455942
3.8199999999999625,0.3724461769207357,0.7448923538414713,1.1173385307622070,1.4897847076829427,1.8622308846036786,2.2346770615244140,2.6071232384451495,2.9795694153658854,3.3520155922866213
3.8299999999999623,0.3646919522957535,0.7293839045915069,1.0940758568872604,1.4587678091830139,1.8234597614787673,2.1881517137745208,2.5528436660702738,2.9175356183660277,3.2822275706617816
3.8399999999999621,0.3570012579461201,0.7140025158922403,1.0710037738383604,1.4280050317844806,1.7850062897306005,2.1420075476767209,2.4990088056228412,2.8560100635689611,3.2130113215150811
3.8499999999999619,0.3493748629348616,0.6987497258697233,1.0481245888045849,1.3974994517394466,1.7468743146743080,2.0962491776091698,2.4456240405440317,2.7949989034788931,3.1443737664137545
3.8599999999999617,0.3418135298951238,0.6836270597902476,1.0254405896853713,1.3672541195804953,1.7090676494756192,2.0508811793707427,2.3926947092658670,2.7345082391609905,3.0763217690561140
3.8699999999999615,0.3343180149539097,0.6686360299078193,1.0029540448617289,1.3372720598156387,1.6715900747695485,2.0059080897234578,2.3402261046773676,2.6745441196312774,3.0088621345851871
3.8799999999999613,0.3268890676564670,0.6537781353129339,0.9806672029694008,1.3075562706258679,1.6344453382823350,1.9613344059388016,2.2882234735952691,2.6151125412517358,2.9420016089082024
3.8899999999999610,0.3195274308913346,0.6390548617826692,0.9585822926740040,1.2781097235653385,1.5976371544566730,1.9171645853480079,2.2366920162393420,2.5562194471306769,2.8757468780220119
3.8999999999999608,0.3122338408160547,0.6244676816321093,0.9367015224481641,1.2489353632642186,1.5611692040802732,1.8734030448963281,2.1856368857123822,2.4978707265284372,2.8101045673444922
3.9099999999999606,0.3050090267835565,0.6100180535671129,0.9150270803506695,1.2200361071342258,1.5250451339177822,1.8300541607013390,2.1350631874848949,2.4400722142684517,2.7450812410520085
3.9199999999999604,0.2978537112692227,0.5957074225384453,0.8935611338076681,1.1914148450768907,1.4892685563461132,1.7871222676153362,2.0849759788845583,2.3828296901537813,2.6806834014230043
3.9299999999999602,0.2907686097986421,0.5815372195972841,0.8723058293959260,1.1630744391945682,1.4538430489932104,1.7446116587918521,2.0353802685904947,2.3261488783891364,2.6169174881877781
3.9399999999999600,0.2837544308760573,0.5675088617521147,0.8512632926281718,1.1350177235042294,1.4187721543802869,1.7025265852563436,1.9862810161324012,2.2700354470084587,2.5537898778845163
3.9499999999999598,0.2768118759135157,0.5536237518270315,0.8304356277405471,1.1072475036540630,1.3840593795675789,1.6608712554810943,1.9376831313946106,2.2144950073081260,2.4913068832216414
3.9599999999999596,0.2699416391607281,0.5398832783214562,0.8098249174821843,1.0797665566429124,1.3497081958036405,1.6196498349643687,1.8895914741250968,2.1595331132858249,2.4294747524465530
3.9699999999999593,0.2631444076356443,0.5262888152712886,0.7894332229069327,1.0525776305425771,1.3157220381782215,1.5788664458138655,1.8420108534495103,2.1051552610851543,2.3682996687207982
3.9799999999999591,0.2564208610557528,0.5128417221115056,0.7692625831672584,1.0256834442230112,1.2821043052787640,1.5385251663345167,1.7949460273902691,2.0513668884460223,2.3077877495017756
3.9899999999999589,0.2497716717701083,0.4995433435402166,0.7493150153103247,0.9990866870804331,1.2488583588505415,1.4986300306206495,1.7484017023907583,1.9981733741608663,2.2479450459309742
3.9999999999999587,0.2431975046920988,0.4863950093841976,0.7295925140762964,0.9727900187683951,1.2159875234604938,1.4591850281525929,1.7023825328446911,1.9455800375367902,2.1887775422288893
4.0099999999999589,0.2366990172329529,0.4733980344659059,0.7100970516988587,0.9467960689318118,1.1834950861647648,1.4201941033977175,1.6568931206306710,1.8935921378636236,2.1302911550965762
4.0199999999999587,0.2302768592360023,0.4605537184720045,0.6908305777080068,0.9211074369440091,1.1513842961800114,1.3816611554160136,1.6119380146520159,1.8422148738880182,2.0724917331240205
4.0299999999999585,0.2239316729116940,0.4478633458233880,0.6717950187350823,0.8957266916467761,1.1196583645584699,1.3435900374701646,1.5675217103818584,1.7914533832935522,2.0153850562052460
4.0399999999999583,0.2176640927733733,0.4353281855467466,0.6529922783201201,0.8706563710934931,1.0883204638668662,1.3059845566402402,1.5236486494136132,1.7413127421869863,1.9589768349603593
4.0499999999999581,0.2114747455738307,0.4229494911476614,0.6344242367214923,0.8458989822953229,1.0573737278691535,1.2688484734429846,1.4803232190168147,1.6917979645906458,1.9032727101644769
4.0599999999999579,0.2053642502426285,0.4107285004852570,0.6160927507278853,0.8214570009705140,1.0268212512131427,1.2321855014557705,1.4375497516983993,1.6429140019410280,1.8482782521836567
4.0699999999999577,0.1993332178242079,0.3986664356484158,0.5979996534726237,0.7973328712968315,0.9966660891210397,1.1959993069452475,1.3953325247694552,1.5946657425936630,1.7939989604178708
4.0799999999999574,0.1933822514167847,0.3867645028335693,0.5801467542503538,0.7735290056671387,0.9669112570839236,1.1602935085007076,1.3536757599174924,1.5470580113342773,1.7404402627510622
4.0899999999999572,0.1875119461120406,0.3750238922240812,0.5625358383361219,0.7500477844481623,0.9375597305602028,1.1250716766722437,1.3125836227842838,1.5000955688963247,1.6876075150083656
4.0999999999999570,0.1817228889356142,0.3634457778712283,0.5451686668068425,0.7268915557424567,0.9086144446780704,1.0903373336136850,1.2720602225492996,1.4537831114849133,1.6355060004205271
4.1099999999999568,0.1760156587883989,0.3520313175767977,0.5280469763651965,0.7040626351535955,0.8800782939419944,1.0560939527303930,1.2321096115187924,1.4081252703071909,1.5841409290955895
4.1199999999999566,0.1703908263886534,0.3407816527773069,0.5111724791659604,0.6815633055546138,0.8519541319432671,1.0223449583319209,1.1927357847205737,1.3631266111092275,1.5335174374978813
4.1299999999999564,0.1648489542149304,0.3296979084298608,0.4945468626447913,0.6593958168597216,0.8242447710746523,0.9890937252895826,1.1539426795045129,1.3187916337194432,1.4836405879343735
4.1399999999999562,0.1593905964498290,0.3187811928996580,0.4781717893494868,0.6375623857993160,0.7969529822491452,0.9563435786989736,1.1157341751488028,1.2751247715986320,1.4345153680484612
4.1499999999999559,0.1540162989245772,0.3080325978491545,0.4620488967737320,0.6160651956983090,0.7700814946228860,0.9240977935474639,1.0781140924720409,1.2321303913966180,1.3861466903211950
4.1599999999999557,0.1487265990644487,0.2974531981288975,0.4461797971933463,0.5949063962577950,0.7436329953222440,0.8923595943866927,1.0410861934511413,1.1898127925155899,1.3385393915800385
4.1699999999999555,0.1435220258350218,0.2870440516700437,0.4305660775050653,0.5740881033400873,0.7176101291751094,0.8611321550101305,1.0046541808451526,1.1481762066801746,1.2916982325151967
4.1799999999999553,0.1384030996892820,0.2768061993785640,0.4152092990678460,0.5536123987571280,0.6920154984464100,0.8304185981356920,0.9688216978249740,1.1072247975142560,1.2456278972035379
4.1899999999999551,0.1333703325155783,0.2667406650311566,0.4001109975467347,0.5334813300623131,0.6668516625778915,0.8002219950934695,0.9335923276090483,1.0669626601246263,1.2003329926402042
4.1999999999999549,0.1284242275864340,0.2568484551728680,0.3852726827593020,0.5136969103457361,0.6421211379321701,0.7705453655186041,0.8989695931050381,1.0273938206914721,1.1558180482779061
4.2099999999999547,0.1235652795082204,0.2471305590164408,0.3706958385246613,0.4942611180328815,0.6178263975411022,0.7413916770493225,0.8649569565575428,0.9885222360657631,1.1120875155739833
4.2199999999999545,0.1187939741716961,0.2375879483433923,0.3563819225150882,0.4751758966867845,0.5939698708584809,0.7127638450301763,0.8315578192018727,0.9503517933735690,1.0691457675452654
4.2299999999999542,0.1141107887034187,0.2282215774068375,0.3423323661102562,0.4564431548136749,0.5705539435170941,0.6846647322205124,0.7987755209239307,0.9128863096273498,1.0269970983307690
4.2399999999999540,0.1095161914180325,0.2190323828360650,0.3285485742540972,0.4380647656721299,0.5475809570901626,0.6570971485081945,0.7666133399262272,0.8761295313442599,0.9856457227622926
4.2499999999999538,0.1050106417714370,0.2100212835428741,0.3150319253143112,0.4200425670857482,0.5250532088571855,0.6300638506286225,0.7350744924000594,0.8400851341714963,0.9450957759429333
4.2599999999999536,0.1005945903148425,0.2011891806296850,0.3017837709445277,0.4023783612593701,0.5029729515742130,0.6035675418890554,0.7041621322038978,0.8047567225187402,0.9053513128335826
4.2699999999999534,0.0962684786497144,0.1925369572994289,0.2888054359491434,0.3850739145988578,0.4813423932485721,0.5776108718982869,0.6738793505480007,0.7701478291977155,0.8664163078474303
4.2799999999999532,0.0920327393836143,0.1840654787672287,0.2760982181508429,0.3681309575344573,0.4601636969180714,0.5521964363016858,0.6442291756853002,0.7362619150689147,0.8282946544525291
4.2899999999999530,0.0878877960869390,0.1757755921738779,0.2636633882608170,0.3515511843477559,0.4394389804346952,0.5273267765216341,0.6152145726085729,0.7031023686955118,0.7909901647824515
4.2999999999999527,0.0838340632505640,0.1676681265011279,0.2515021897516920,0.3353362530022559,0.4191703162528198,0.5030043795033841,0.5868384427539475,0.6706725060045118,0.7545065692550761
4.3099999999999525,0.0798719462443948,0.1597438924887895,0.2396158387331844,0.3194877849775790,0.3993597312219741,0.4792316774663687,0.5591036237107634,0.6389755699551580,0.7188475161995527
4.3199999999999523,0.0760018412768304,0.1520036825536608,0.2280055238304914,0.3040073651073216,0.3800092063841518,0.4560110476609829,0.5320128889378131,0.6080147302146433,0.6840165714914743
4.3299999999999521,0.0722241353551424,0.1444482707102848,0.2166724060654270,0.2888965414205695,0.3611206767757116,0.4333448121308541,0.5055689474859966,0.5777930828411391,0.6500172181962807
4.3399999999999519,0.0685392062467749,0.1370784124935498,0.2056176187403249,0.2741568249870996,0.3426960312338743,0.4112352374806498,0.4797744437274245,0.5483136499741992,0.6168528562209747
4.3499999999999517,0.0649474224415679,0.1298948448831359,0.1948422673247037,0.2597896897662717,0.3247371122078393,0.3896845346494073,0.4546319570909754,0.5195793795325434,0.5845268019741106
4.3599999999999515,0.0614491431149090,0.1228982862298180,0.1843474293447271,0.2457965724596360,0.3072457155745454,0.3686948586894543,0.4301440018043632,0.4915931449192721,0.5530422880341810
4.3699999999999513,0.0580447180918154,0.1160894361836309,0.1741341542754462,0.2321788723672618,0.2902235904590773,0.3482683085508924,0.4063130266427084,0.4643577447345235,0.5224024628263386
4.3799999999999510,0.0547344878119526,0.1094689756239051,0.1642034634358578,0.2189379512478102,0.2736724390597631,0.3284069268717156,0.3831414146836680,0.4378759024956205,0.4926103903075738
4.3899999999999508,0.0515187832955899,0.1030375665911798,0.1545563498867697,0.2060751331823596,0.2575939164779495,0.3091126997735394,0.3606314830691293,0.4121502663647192,0.4636690496603091
4.3999999999999506,0.0483979261104992,0.0967958522209984,0.1451937783314978,0.1935917044419968,0.2419896305524958,0.2903875566629956,0.3387854827734946,0.3871834088839936,0.4355813349944935
4.4099999999999504,0.0453722283397985,0.0907444566795970,0.1361166850193953,0.1814889133591939,0.2268611416989925,0.2722333700387907,0.3176055983785897,0.3629778267183879,0.4083500550581860
4.4199999999999502,0.0424419925507432,0.0848839851014864,0.1273259776522297,0.1697679702029729,0.2122099627537164,0.2546519553044595,0.2970939478552026,0.3395359404059457,0.3819779329566888
4.4299999999999500,0.0396075117644705,0.0792150235289411,0.1188225352934116,0.1584300470578821,0.1980375588223531,0.2376450705868232,0.2772525823512932,0.3168600941157642,0.3564676058802352
4.4399999999999498,0.0368690694266970,0.0737381388533940,0.1106072082800909,0.1474762777067880,0.1843453471334850,0.2212144165601817,0.2580834859868792,0.2949525554135759,0.3318216248402734
4.4499999999999496,0.0342269393793743,0.0684538787587485,0.1026808181381229,0.1369077575174971,0.1711346968968712,0.2053616362762458,0.2395885756556195,0.2738155150349941,0.3080424544143678
4.4599999999999493,0.0316813858333055,0.0633627716666110,0.0950441574999163,0.1267255433332219,0.1584069291665271,0.1900883149998327,0.2217697008331383,0.2534510866664439,0.2851324724997486
4.4699999999999491,0.0292326633417239,0.0584653266834478,0.0876979900251715,0.1169306533668957,0.1461633167086198,0.1753959800503431,0.2046286433920672,0.2338613067337914,0.2630939700755146
4.4799999999999489,0.0268810167748380,0.0537620335496760,0.0806430503245141,0.1075240670993520,0.1344050838741904,0.1612861006490283,0.1881671174238662,0.2150481341987041,0.2419291509735420
4.4899999999999487,0.0246266812953448,0.0492533625906897,0.0738800438860343,0.0985067251813794,0.1231334064767244,0.1477600877720686,0.1723867690674137,0.1970134503627587,0.2216401316581038
4.4999999999999485,0.0224698823349138,0.0449397646698275,0.0674096470047414,0.0898795293396550,0.1123494116745691,0.1348192940094828,0.1572891763443964,0.1797590586793101,0.2022289410142246
4.5099999999999483,0.0204108355716435,0.0408216711432869,0.0612325067149304,0.0816433422865739,0.1020541778582178,0.1224650134298608,0.1428758490015039,0.1632866845731478,0.1836975201447917
4.5199999999999481,0.0184497469084944,0.0368994938169889,0.0553492407254832,0.0737989876339777,0.0922487345424718,0.1106984814509664,0.1291482283594609,0.1475979752679555,0.1660477221764491
4.5299999999999478,0.0165868124526988,0.0331736249053975,0.0497604373580964,0.0663472498107951,0.0829340622634938,0.0995208747161929,0.1161076871688911,0.1326944996215902,0.1492813120742884
4.5399999999999476,0.0148222184961495,0.0296444369922990,0.0444666554884483,0.0592888739845980,0.0741110924807478,0.0889333109768966,0.1037555294730463,0.1185777479691961,0.1333999664653458
4.5499999999999474,0.0131561414967719,0.0263122829935438,0.0394684244903156,0.0526245659870876,0.0657807074838592,0.0789368489806312,0.0920929904774033,0.1052491319741753,0.1184052734709464
4.5599999999999472,0.0115887480608775,0.0231774961217550,0.0347662441826326,0.0463549922435100,0.0579437403043874,0.0695324883652653,0.0811212364261422,0.0927099844870201,0.1042987325478979
4.5699999999999470,0.0101201949265036,0.0202403898530072,0.0303605847795110,0.0404807797060145,0.0506009746325180,0.0607211695590220,0.0708413644855250,0.0809615594120290,0.0910817543385321
4.5799999999999468,0.0087506289477401,0.0175012578954803,0.0262518868432204,0.0350025157909606,0.0437531447387007,0.0525037736864409,0.0612544026341810,0.0700050315819212,0.0787556605296622
4.5899999999999466,0.0074801870800434,0.0149603741600868,0.0224405612401304,0.0299207483201736,0.0374009354002167,0.0448811224802608,0.0523613095603039,0.0598414966403471,0.0673216837203903
4.5999999999999464,0.0063089963665416,0.0126179927330832,0.0189269890996249,0.0252359854661663,0.0315449818327078,0.0378539781992497,0.0441629745657908,0.0504719709323327,0.0567809672988737
4.6099999999999461,0.0052371739253300,0.0104743478506599,0.0157115217759900,0.0209486957013199,0.0261858696266497,0.0314230435519800,0.0366602174773094,0.0418973914026397,0.0471345653279691
4.6199999999999459,0.0042648269377596,0.0085296538755193,0.0127944808132789,0.0170593077510386,0.0213241346887987,0.0255889616265579,0.0298537885643171,0.0341186155020772,0.0383834424398373
4.6299999999999457,0.0033920526377189,0.0067841052754378,0.0101761579131567,0.0135682105508756,0.0169602631885946,0.0203523158263135,0.0237443684640324,0.0271364211017513,0.0305284737394693
4.6399999999999455,0.0026189383019106,0.0052378766038212,0.0078568149057316,0.0104757532076425,0.0130946915095533,0.0157136298114633,0.0183325681133741,0.0209515064152850,0.0235704447171958
4.6499999999999453,0.0019455612411240,0.0038911224822480,0.0058366837233721,0.0077822449644960,0.0097278062056203,0.0116733674467442,0.0136189286878681,0.0155644899289920,0.0175100511701167
4.6599999999999451,0.0013719887925040,0.0027439775850080,0.0041159663775119,0.0054879551700160,0.0068599439625201,0.0082319327550238,0.0096039215475283,0.0109759103400320,0.0123478991325356
4.6699999999999449,0.0008982783128175,0.0017965566256350,0.0026948349384526,0.0035931132512701,0.0044913915640876,0.0053896698769051,0.0062879481897227,0.0071862265025402,0.0080845048153577
4.6799999999999446,0.0005244771727178,0.0010489543454355,0.0015734315181533,0.0020979086908710,0.0026223858635888,0.0031468630363065,0.0036713402090243,0.0041958173817420,0.0047202945544598
4.6899999999999444,0.0002506227520073,0.0005012455040145,0.0007518682560219,0.0010024910080291,0.0012531137600362,0.0015037365120438,0.0017543592640505,0.0020049820160581,0.0022556047680649
4.6999999999999442,0.0000767424358998,0.0001534848717997,0.0002302273076995,0.0003069697435993,0.0003837121794987,0.0004604546153990,0.0005371970512993,0.0006139394871987,0.0006906819230981
4.7099999999999440,0.0000028536122821,0.0000057072245643,0.0000085608368465,0.0000114144491286,0.0000142680614106,0.0000171216736931,0.0000199752859746,0.0000228288982571,0.0000256825105396
4.7199999999999438,0.0000289636699751,0.0000579273399501,0.0000868910099250,0.0001158546799003,0.0001448183498756,0.0001737820198500,0.0002027456898253,0.0002317093598005,0.0002606730297749
4.7299999999999436,0.0001550699979946,0.0003101399959893,0.0004652099939841,0.0006202799919786,0.0007753499899730,0.0009304199879683,0.0010854899859627,0.0012405599839571,0.0013956299819515
4.7399999999999434,0.0003811599858130,0.0007623199716260,0.0011434799574390,0.0015246399432520,0.0019057999290650,0.0022869599148780,0.0026681199006910,0.0030492798865041,0.0034304398723179
4.7499999999999432,0.0007072110246199,0.0014144220492398,0.0021216330738598,0.0028288440984796,0.0035360551230994,0.0042432661477196,0.0049504771723390,0.0056576881969592,0.0063648992215786
4.7599999999999429,0.0011331905095832,0.0022663810191663,0.0033995715287496,0.0045327620383326,0.0056659525479157,0.0067991430574992,0.0079323335670818,0.0090655240766653,0.0101987145862488
4.7699999999999427,0.0016590558431091,0.0033181116862182,0.0049771675293275,0.0066362233724364,0.0082952792155453,0.0099543350586551,0.0116133909017639,0.0132724467448728,0.0149315025879826
4.7799999999999425,0.0022847544391028,0.0045695088782056,0.0068542633173085,0.0091390177564112,0.0114237721955144,0.0137085266346171,0.0159932810737198,0.0182780355128225,0.0205627899519261
4.7899999999999423,0.0030102237282260,0.0060204474564520,0.0090306711846782,0.0120408949129041,0.0150511186411304,0.0180613423693563,0.0210715660975822,0.0240817898258081,0.0270920135540340
4.7999999999999421,0.0038353911641542,0.0076707823283084,0.0115061734924629,0.0153415646566168,0.0191769558207708,0.0230123469849257,0.0268477381490797,0.0306831293132337,0.0345185204773877
4.8099999999999419,0.0047601742308317,0.0095203484616635,0.0142805226924954,0.0190406969233270,0.0238008711541591,0.0285610453849907,0.0333212196158224,0.0380813938466540,0.0428415680774865
4.8199999999999417,0.0057844804507223,0.0115689609014447,0.0173534413521672,0.0231379218028893,0.0289224022536114,0.0347068827043344,0.0404913631550565,0.0462758436057786,0.0520603240565016
4.8299999999999415,0.0069082073940577,0.0138164147881155,0.0207246221821733,0.0276328295762309,0.0345410369702890,0.0414492443643466,0.0483574517584042,0.0552656591524618,0.0621738665465195
4.8399999999999412,0.0081312426890799,0.0162624853781599,0.0243937280672397,0.0325249707563198,0.0406562134453994,0.0487874561344794,0.0569186988235595,0.0650499415126395,0.0731811842017187
4.8499999999999410,0.0094534640332787,0.0189069280665575,0.0283603920998363,0.0378138561331149,0.0472673201663936,0.0567207841996726,0.0661742482329508,0.0756277122662299,0.0850811762995090
4.8599999999999408,0.0108747392056214,0.0217494784112429,0.0326242176168643,0.0434989568224857,0.0543736960281072,0.0652484352337286,0.0761231744393500,0.0869979136449714,0.0978726528505938
4.8699999999999406,0.0123949260797753,0.0247898521595507,0.0371847782393262,0.0495797043191013,0.0619746303988764,0.0743695564786524,0.0867644825584275,0.0991594086382026,0.1115543347179777
4.8799999999999404,0.0140138726383198,0.0280277452766395,0.0420416179149594,0.0560554905532791,0.0700693631915987,0.0840832358299188,0.0980971084682380,0.1121109811065581,0.1261248537448783
4.8899999999999402,0.0157314169879480,0.0314628339758960,0.0471942509638441,0.0629256679517920,0.0786570849397403,0.0943885019276882,0.1101199189156361,0.1258513359035840,0.1415827528915319
4.8999999999999400,0.0175473873756563,0.0350947747513126,0.0526421621269688,0.0701895495026252,0.0877369368782812,0.1052843242539376,0.1228317116295941,0.1403790990052505,0.1579264863809069
4.9099999999999397,0.0194616022059193,0.0389232044118386,0.0583848066177577,0.0778464088236772,0.0973080110295967,0.1167696132355154,0.1362312154414349,0.1556928176473544,0.1751544198532731
4.9199999999999395,0.0214738700588490,0.0429477401176981,0.0644216101765469,0.0858954802353962,0.1073693502942454,0.1288432203530938,0.1503170904119431,0.1717909604707923,0.1932648305296407
4.9299999999999393,0.0235839897093372,0.0471679794186743,0.0707519691280116,0.0943359588373487,0.1179199485466862,0.1415039382560233,0.1650879279653603,0.1886719176746974,0.2122559073840353
4.9399999999999391,0.0257917501471771,0.0515835002943541,0.0773752504415310,0.1031670005887082,0.1289587507358849,0.1547505008830621,0.1805422510302392,0.2063340011774164,0.2321257513245936
4.9499999999999389,0.0280969305981648,0.0561938611963295,0.0842907917944942,0.1123877223926590,0.1404846529908239,0.1685815835889883,0.1966785141871537,0.2247754447853181,0.2528723753834825
4.9599999999999387,0.0304993005461761,0.0609986010923522,0.0914979016385282,0.1219972021847044,0.1524965027308802,0.1829958032770564,0.2134951038232327,0.2439944043694089,0.2744937049155851
4.9699999999999385,0.0329986197562183,0.0659972395124366,0.0989958592686548,0.1319944790248733,0.1649930987810917,0.1979917185373097,0.2309903382935286,0.2639889580497465,0.2969875778059645
4.9799999999999383,0.0355946382984531,0.0711892765969062,0.1067839148953595,0.1423785531938124,0.1779731914922653,0.2135678297907191,0.2491624680891720,0.2847571063876249,0.3203517446860786
4.9899999999999380,0.0382870965731895,0.0765741931463790,0.1148612897195687,0.1531483862927581,0.1914354828659475,0.2297225794391373,0.2680096760123263,0.3062967725855161,0.3445838691587060
4.9999999999999378,0.0410757253368439,0.0821514506736878,0.1232271760105315,0.1643029013473756,0.2053786266842197,0.2464543520210629,0.2875300773579070,0.3286058026947511,0.3696815280315953
5.0000000000000000,0.0410757253368615,0.0821514506737231,0.1232271760105847,0.1643029013474462,0.2053786266843076,0.2464543520211695,0.2875300773580305,0.3286058026948924,0.3696815280317534
